as_of,value,status
2015-07-20,280,ok
2015-07-21,277.32,ok
2015-07-22,277.89,ok
2015-07-23,277.39,ok
2015-07-24,289.12,ok
2015-07-25,289.7,ok
2015-07-26,293.89,ok
2015-07-27,294.21,ok
2015-07-28,295.76,ok
2015-07-29,290.19,ok
2015-07-30,288.49,ok
2015-07-31,285.19,ok
2015-08-01,281.53,ok
2015-08-02,282.62,ok
2015-08-03,280.95,ok
2015-08-04,285.51,ok
2015-08-05,282.77,ok
2015-08-06,279.65,ok
2015-08-07,279.94,ok
2015-08-08,262.02,ok
2015-08-09,267.63,ok
2015-08-10,265.15,ok
2015-08-11,271.99,ok
2015-08-12,266.94,ok
2015-08-13,264.67,ok
2015-08-14,266.17,ok
2015-08-15,262.46,ok
2015-08-16,259.2,ok
2015-08-17,257.31,ok
2015-08-18,221.99,ok
2015-08-19,227.34,ok
2015-08-20,235.56,ok
2015-08-21,232.85,ok
2015-08-22,231.15,ok
2015-08-23,229.21,ok
2015-08-24,211.16,ok
2015-08-25,223.73,ok
2015-08-26,226.81,ok
2015-08-27,225.8,ok
2015-08-28,231.55,ok
2015-08-29,230.61,ok
2015-08-30,229.39,ok
2015-08-31,230.75,ok
2015-09-01,228.22,ok
2015-09-02,229.97,ok
2015-09-03,227.25,ok
2015-09-04,231.39,ok
2015-09-05,236.01,ok
2015-09-06,241.29,ok
2015-09-07,241.31,ok
2015-09-08,244.14,ok
2015-09-09,238.75,ok
2015-09-10,238.52,ok
2015-09-11,240.9,ok
2015-09-12,236.5,ok
2015-09-13,230.82,ok
2015-09-14,231.01,ok
2015-09-15,230.6,ok
2015-09-16,229.73,ok
2015-09-17,233.34,ok
2015-09-18,233.78,ok
2015-09-19,232.88,ok
2015-09-20,232.24,ok
2015-09-21,227.31,ok
2015-09-22,231.28,ok
2015-09-23,230.26,ok
2015-09-24,235.27,ok
2015-09-25,235.89,ok
2015-09-26,234.69,ok
2015-09-27,233.58,ok
2015-09-28,239.99,ok
2015-09-29,236.89,ok
2015-09-30,237.14,ok
2015-10-01,238.34,ok
2015-10-02,238.28,ok
2015-10-03,239.92,ok
2015-10-04,239.87,ok
2015-10-05,240.95,ok
2015-10-06,246.64,ok
2015-10-07,244,ok
2015-10-08,242.94,ok
2015-10-09,244.35,ok
2015-10-10,246.07,ok
2015-10-11,249.02,ok
2015-10-12,246.39,ok
2015-10-13,250.99,ok
2015-10-14,253.27,ok
2015-10-15,254.99,ok
2015-10-16,263.43,ok
2015-10-17,272.87,ok
2015-10-18,265,ok
2015-10-19,265.17,ok
2015-10-20,271.14,ok
2015-10-21,268.77,ok
2015-10-22,275.84,ok
2015-10-23,278.76,ok
2015-10-24,284.29,ok
2015-10-25,284.97,ok
2015-10-26,287.1,ok
2015-10-27,295.61,ok
2015-10-28,304.09,ok
2015-10-29,316.08,ok
2015-10-30,329.11,ok
2015-10-31,314.85,ok
2015-11-01,329.46,ok
2015-11-02,365.21,ok
2015-11-03,404.1,ok
2015-11-04,410,ok
2015-11-05,387.21,ok
2015-11-06,374.09,ok
2015-11-07,384.81,ok
2015-11-08,373.83,ok
2015-11-09,379.53,ok
2015-11-10,337.14,ok
2015-11-11,313.2,ok
2015-11-12,336.49,ok
2015-11-13,338.07,ok
2015-11-14,334.71,ok
2015-11-15,322.93,ok
2015-11-16,332.89,ok
2015-11-17,336.49,ok
2015-11-18,335.49,ok
2015-11-19,326.41,ok
2015-11-20,322.39,ok
2015-11-21,327,ok
2015-11-22,323.71,ok
2015-11-23,323,ok
2015-11-24,321,ok
2015-11-25,328.98,ok
2015-11-26,352.57,ok
2015-11-27,358.19,ok
2015-11-28,357.24,ok
2015-11-29,372.24,ok
2015-11-30,376.86,ok
2015-12-01,362.68,ok
2015-12-02,360,ok
2015-12-03,361.77,ok
2015-12-04,363.98,ok
2015-12-05,387.99,ok
2015-12-06,387.55,ok
2015-12-07,394.73,ok
2015-12-08,418.94,ok
2015-12-09,418.39,ok
2015-12-10,415.68,ok
2015-12-11,452.95,ok
2015-12-12,436.87,ok
2015-12-13,433.83,ok
2015-12-14,444.01,ok
2015-12-15,464.27,ok
2015-12-16,453.97,ok
2015-12-17,455.5,ok
2015-12-18,463.17,ok
2015-12-19,461.29,ok
2015-12-20,442.22,ok
2015-12-21,436.81,ok
2015-12-22,433.92,ok
2015-12-23,442.43,ok
2015-12-24,455.74,ok
2015-12-25,455.84,ok
2015-12-26,419.41,ok
2015-12-27,424.72,ok
2015-12-28,421.94,ok
2015-12-29,433.89,ok
2015-12-30,427.95,ok
2015-12-31,430.35,ok
2016-01-01,435.66,ok
2016-01-02,435.4,ok
2016-01-03,431.91,ok
2016-01-04,433.85,ok
2016-01-05,433.34,ok
2016-01-06,430.87,ok
2016-01-07,459.07,ok
2016-01-08,454.44,ok
2016-01-09,450.38,ok
2016-01-10,449.99,ok
2016-01-11,449.19,ok
2016-01-12,434.01,ok
2016-01-13,432.77,ok
2016-01-14,430.03,ok
2016-01-15,357.53,ok
2016-01-16,388.7,ok
2016-01-17,378.46,ok
2016-01-18,384.89,ok
2016-01-19,375.27,ok
2016-01-20,418.54,ok
2016-01-21,409.38,ok
2016-01-22,382.9,ok
2016-01-23,387.5,ok
2016-01-24,403.05,ok
2016-01-25,391.4,ok
2016-01-26,391.54,ok
2016-01-27,394.79,ok
2016-01-28,379.61,ok
2016-01-29,378.68,ok
2016-01-30,378.46,ok
2016-01-31,367.95,ok
2016-02-01,371.33,ok
2016-02-02,372.93,ok
2016-02-03,368.87,ok
2016-02-04,387.99,ok
2016-02-05,384.5,ok
2016-02-06,375.44,ok
2016-02-07,377.49,ok
2016-02-08,371.14,ok
2016-02-09,372.68,ok
2016-02-10,378.44,ok
2016-02-11,378.23,ok
2016-02-12,382.05,ok
2016-02-13,391,ok
2016-02-14,406.59,ok
2016-02-15,398.95,ok
2016-02-16,407.42,ok
2016-02-17,415.2,ok
2016-02-18,421.19,ok
2016-02-19,420.72,ok
2016-02-20,437.46,ok
2016-02-21,438.56,ok
2016-02-22,437.55,ok
2016-02-23,419.97,ok
2016-02-24,423.94,ok
2016-02-25,423.54,ok
2016-02-26,430.85,ok
2016-02-27,433.12,ok
2016-02-28,433.73,ok
2016-02-29,436.44,ok
2016-03-01,433.08,ok
2016-03-02,420.39,ok
2016-03-03,418.8,ok
2016-03-04,407.35,ok
2016-03-05,396.08,ok
2016-03-06,403.24,ok
2016-03-07,412.21,ok
2016-03-08,411.18,ok
2016-03-09,412.8,ok
2016-03-10,415.98,ok
2016-03-11,419.39,ok
2016-03-12,410.58,ok
2016-03-13,412.52,ok
2016-03-14,415.02,ok
2016-03-15,415.41,ok
2016-03-16,416.07,ok
2016-03-17,418.41,ok
2016-03-18,409.65,ok
2016-03-19,410.2,ok
2016-03-20,411.27,ok
2016-03-21,412,ok
2016-03-22,416.66,ok
2016-03-23,417.53,ok
2016-03-24,412.95,ok
2016-03-25,416.41,ok
2016-03-26,416.97,ok
2016-03-27,425.3,ok
2016-03-28,423,ok
2016-03-29,416.39,ok
2016-03-30,412.79,ok
2016-03-31,416.03,ok
2016-04-01,417.68,ok
2016-04-02,419.95,ok
2016-04-03,420.16,ok
2016-04-04,419.47,ok
2016-04-05,422.36,ok
2016-04-06,421.46,ok
2016-04-07,421.99,ok
2016-04-08,419.48,ok
2016-04-09,419.46,ok
2016-04-10,423.4,ok
2016-04-11,423.94,ok
2016-04-12,427.8,ok
2016-04-13,425.58,ok
2016-04-14,426.32,ok
2016-04-15,430.93,ok
2016-04-16,433.39,ok
2016-04-17,431,ok
2016-04-18,430.97,ok
2016-04-19,437.06,ok
2016-04-20,442.96,ok
2016-04-21,452.25,ok
2016-04-22,448.41,ok
2016-04-23,455.69,ok
2016-04-24,464.46,ok
2016-04-25,466.17,ok
2016-04-26,470.59,ok
2016-04-27,445.31,ok
2016-04-28,451.68,ok
2016-04-29,458.82,ok
2016-04-30,454.02,ok
2016-05-01,456.98,ok
2016-05-02,446.42,ok
2016-05-03,452.21,ok
2016-05-04,448.68,ok
2016-05-05,449.98,ok
2016-05-06,462.31,ok
2016-05-07,461.91,ok
2016-05-08,462.79,ok
2016-05-09,464.16,ok
2016-05-10,452.78,ok
2016-05-11,454.37,ok
2016-05-12,456.48,ok
2016-05-13,457.98,ok
2016-05-14,458.9,ok
2016-05-15,461.47,ok
2016-05-16,455.66,ok
2016-05-17,454.19,ok
2016-05-18,455.56,ok
2016-05-19,438.38,ok
2016-05-20,445.65,ok
2016-05-21,446.28,ok
2016-05-22,442.48,ok
2016-05-23,445.67,ok
2016-05-24,446.99,ok
2016-05-25,451.49,ok
2016-05-26,454.97,ok
2016-05-27,471.27,ok
2016-05-28,523.25,ok
2016-05-29,525.22,ok
2016-05-30,532.55,ok
2016-05-31,531.34,ok
2016-06-01,534.84,ok
2016-06-02,537.87,ok
2016-06-03,571.25,ok
2016-06-04,576.31,ok
2016-06-05,575.17,ok
2016-06-06,586.77,ok
2016-06-07,579.71,ok
2016-06-08,583.21,ok
2016-06-09,577.46,ok
2016-06-10,580.31,ok
2016-06-11,609.5,ok
2016-06-12,677.86,ok
2016-06-13,706.01,ok
2016-06-14,684.95,ok
2016-06-15,698.78,ok
2016-06-16,769.76,ok
2016-06-17,752.26,ok
2016-06-18,758.99,ok
2016-06-19,768.76,ok
2016-06-20,703.12,ok
2016-06-21,667.66,ok
2016-06-22,604.5,ok
2016-06-23,631.1,ok
2016-06-24,669.98,ok
2016-06-25,673.71,ok
2016-06-26,638.56,ok
2016-06-27,657.87,ok
2016-06-28,648.43,ok
2016-06-29,639.42,ok
2016-06-30,673.49,ok
2016-07-01,678.19,ok
2016-07-02,704.95,ok
2016-07-03,663.55,ok
2016-07-04,681.98,ok
2016-07-05,669.87,ok
2016-07-06,678.79,ok
2016-07-07,641.97,ok
2016-07-08,667.33,ok
2016-07-09,657.61,ok
2016-07-10,652.44,ok
2016-07-11,650.97,ok
2016-07-12,666.56,ok
2016-07-13,655.34,ok
2016-07-14,661.65,ok
2016-07-15,667.48,ok
2016-07-16,666.32,ok
2016-07-17,680,ok
2016-07-18,675.5,ok
2016-07-19,673.98,ok
2016-07-20,666.92,ok
2016-07-21,667.28,ok
2016-07-22,654.67,ok
2016-07-23,657.5,ok
2016-07-24,661,ok
2016-07-25,657.79,ok
2016-07-26,654.06,ok
2016-07-27,657.35,ok
2016-07-28,657.4,ok
2016-07-29,657,ok
2016-07-30,655.87,ok
2016-07-31,626.97,ok
2016-08-01,605.2,ok
2016-08-02,537.47,ok
2016-08-03,573.36,ok
2016-08-04,587.5,ok
2016-08-05,583,ok
2016-08-06,591.71,ok
2016-08-07,595.14,ok
2016-08-08,591.48,ok
2016-08-09,586.45,ok
2016-08-10,594.94,ok
2016-08-11,587.91,ok
2016-08-12,587.74,ok
2016-08-13,586.45,ok
2016-08-14,574.99,ok
2016-08-15,567.79,ok
2016-08-16,579.02,ok
2016-08-17,574.45,ok
2016-08-18,574.09,ok
2016-08-19,573.67,ok
2016-08-20,581.87,ok
2016-08-21,581.29,ok
2016-08-22,585.2,ok
2016-08-23,582.39,ok
2016-08-24,578.47,ok
2016-08-25,575.58,ok
2016-08-26,579.29,ok
2016-08-27,570.84,ok
2016-08-28,575.41,ok
2016-08-29,573.21,ok
2016-08-30,574.95,ok
2016-08-31,572.89,ok
2016-09-01,573.02,ok
2016-09-02,576.21,ok
2016-09-03,600.91,ok
2016-09-04,611.92,ok
2016-09-05,605.69,ok
2016-09-06,612.99,ok
2016-09-07,615.21,ok
2016-09-08,627.97,ok
2016-09-09,622.07,ok
2016-09-10,623.74,ok
2016-09-11,607.94,ok
2016-09-12,606.74,ok
2016-09-13,608.63,ok
2016-09-14,608.43,ok
2016-09-15,605.44,ok
2016-09-16,607.93,ok
2016-09-17,607.92,ok
2016-09-18,611.4,ok
2016-09-19,608.6,ok
2016-09-20,605.6,ok
2016-09-21,597,ok
2016-09-22,596.21,ok
2016-09-23,602.96,ok
2016-09-24,603.68,ok
2016-09-25,601.67,ok
2016-09-26,607.08,ok
2016-09-27,605.71,ok
2016-09-28,605.04,ok
2016-09-29,605.99,ok
2016-09-30,608.99,ok
2016-10-01,615.65,ok
2016-10-02,612.4,ok
2016-10-03,612.99,ok
2016-10-04,610.34,ok
2016-10-05,613.16,ok
2016-10-06,611.88,ok
2016-10-07,617.98,ok
2016-10-08,619.5,ok
2016-10-09,617.42,ok
2016-10-10,618.72,ok
2016-10-11,642.12,ok
2016-10-12,635.79,ok
2016-10-13,635.66,ok
2016-10-14,638.03,ok
2016-10-15,638.16,ok
2016-10-16,641.92,ok
2016-10-17,639.56,ok
2016-10-18,635.11,ok
2016-10-19,629.79,ok
2016-10-20,628.05,ok
2016-10-21,630.83,ok
2016-10-22,652.75,ok
2016-10-23,651.04,ok
2016-10-24,649.98,ok
2016-10-25,654.3,ok
2016-10-26,674,ok
2016-10-27,691.21,ok
2016-10-28,689.95,ok
2016-10-29,714.28,ok
2016-10-30,697.41,ok
2016-10-31,696.9,ok
2016-11-01,730.7,ok
2016-11-02,744.6,ok
2016-11-03,690,ok
2016-11-04,706.32,ok
2016-11-05,706.99,ok
2016-11-06,717.02,ok
2016-11-07,706.42,ok
2016-11-08,711.15,ok
2016-11-09,720.97,ok
2016-11-10,712.91,ok
2016-11-11,716.9,ok
2016-11-12,704.53,ok
2016-11-13,704.01,ok
2016-11-14,708.32,ok
2016-11-15,712.29,ok
2016-11-16,739.85,ok
2016-11-17,730.71,ok
2016-11-18,748.54,ok
2016-11-19,750.77,ok
2016-11-20,731.99,ok
2016-11-21,736.4,ok
2016-11-22,746.66,ok
2016-11-23,741.52,ok
2016-11-24,737.99,ok
2016-11-25,739.74,ok
2016-11-26,735.7,ok
2016-11-27,729.24,ok
2016-11-28,729.77,ok
2016-11-29,732.37,ok
2016-11-30,742.69,ok
2016-12-01,754,ok
2016-12-02,769.25,ok
2016-12-03,766.98,ok
2016-12-04,767.99,ok
2016-12-05,752,ok
2016-12-06,759.8,ok
2016-12-07,764.34,ok
2016-12-08,767.89,ok
2016-12-09,773.22,ok
2016-12-10,775.87,ok
2016-12-11,771.05,ok
2016-12-12,778.94,ok
2016-12-13,776.18,ok
2016-12-14,777.66,ok
2016-12-15,776.16,ok
2016-12-16,780.98,ok
2016-12-17,788.57,ok
2016-12-18,790.72,ok
2016-12-19,790.81,ok
2016-12-20,798.99,ok
2016-12-21,834.5,ok
2016-12-22,856.02,ok
2016-12-23,917.26,ok
2016-12-24,891.5,ok
2016-12-25,896.12,ok
2016-12-26,902.09,ok
2016-12-27,925.2,ok
2016-12-28,982.17,ok
2016-12-29,970.72,ok
2016-12-30,960.81,ok
2016-12-31,973.37,ok
2017-01-01,992.95,ok
2017-01-02,1011.45,ok
2017-01-03,1020.67,ok
2017-01-04,1130.3,ok
2017-01-05,1007,ok
2017-01-06,895.71,ok
2017-01-07,909,ok
2017-01-08,923.33,ok
2017-01-09,902.66,ok
2017-01-10,907,ok
2017-01-11,795.77,ok
2017-01-12,812.25,ok
2017-01-13,831.42,ok
2017-01-14,828,ok
2017-01-15,833.31,ok
2017-01-16,834.41,ok
2017-01-17,906,ok
2017-01-18,887.99,ok
2017-01-19,902.92,ok
2017-01-20,894.31,ok
2017-01-21,925.06,ok
2017-01-22,931.22,ok
2017-01-23,910.7,ok
2017-01-24,887,ok
2017-01-25,896,ok
2017-01-26,917.02,ok
2017-01-27,922.63,ok
2017-01-28,924.98,ok
2017-01-29,916.54,ok
2017-01-30,923.23,ok
2017-01-31,970.01,ok
2017-02-01,992.75,ok
2017-02-02,1008.38,ok
2017-02-03,1018,ok
2017-02-04,1035.54,ok
2017-02-05,1016.32,ok
2017-02-06,1022.58,ok
2017-02-07,1053.96,ok
2017-02-08,1056.7,ok
2017-02-09,994.24,ok
2017-02-10,1001.99,ok
2017-02-11,1018.65,ok
2017-02-12,1010,ok
2017-02-13,1002.82,ok
2017-02-14,1013.92,ok
2017-02-15,1014.53,ok
2017-02-16,1038.94,ok
2017-02-17,1057.3,ok
2017-02-18,1062.15,ok
2017-02-19,1059.88,ok
2017-02-20,1089.82,ok
2017-02-21,1128.29,ok
2017-02-22,1128.71,ok
2017-02-23,1186.9,ok
2017-02-24,1186.91,ok
2017-02-25,1158,ok
2017-02-26,1184.91,ok
2017-02-27,1195.81,ok
2017-02-28,1195.08,ok
2017-03-01,1230,ok
2017-03-02,1269.17,ok
2017-03-03,1292.86,ok
2017-03-04,1273.97,ok
2017-03-05,1278.98,ok
2017-03-06,1284.99,ok
2017-03-07,1237.36,ok
2017-03-08,1150.22,ok
2017-03-09,1197.3,ok
2017-03-10,1109.01,ok
2017-03-11,1188.11,ok
2017-03-12,1235.58,ok
2017-03-13,1245.49,ok
2017-03-14,1247.42,ok
2017-03-15,1263,ok
2017-03-16,1175.11,ok
2017-03-17,1069.57,ok
2017-03-18,970,ok
2017-03-19,1019.49,ok
2017-03-20,1044.96,ok
2017-03-21,1114.42,ok
2017-03-22,1034.57,ok
2017-03-23,1025.14,ok
2017-03-24,934.87,ok
2017-03-25,963.72,ok
2017-03-26,973.08,ok
2017-03-27,1042.08,ok
2017-03-28,1045.4,ok
2017-03-29,1043.27,ok
2017-03-30,1042.34,ok
2017-03-31,1088.99,ok
2017-04-01,1092,ok
2017-04-02,1113.99,ok
2017-04-03,1152.6,ok
2017-04-04,1143.99,ok
2017-04-05,1132.99,ok
2017-04-06,1192.3,ok
2017-04-07,1194,ok
2017-04-08,1184.5,ok
2017-04-09,1210.97,ok
2017-04-10,1210,ok
2017-04-11,1223.99,ok
2017-04-12,1214.17,ok
2017-04-13,1177.05,ok
2017-04-14,1173.74,ok
2017-04-15,1178.85,ok
2017-04-16,1177.99,ok
2017-04-17,1189.91,ok
2017-04-18,1201.94,ok
2017-04-19,1214.21,ok
2017-04-20,1236.15,ok
2017-04-21,1249.99,ok
2017-04-22,1247,ok
2017-04-23,1251.98,ok
2017-04-24,1257.29,ok
2017-04-25,1281.16,ok
2017-04-26,1298.44,ok
2017-04-27,1349.26,ok
2017-04-28,1353.34,ok
2017-04-29,1365.43,ok
2017-04-30,1384.55,ok
2017-05-01,1436.5,ok
2017-05-02,1471.99,ok
2017-05-03,1533,ok
2017-05-04,1563.39,ok
2017-05-05,1551.3,ok
2017-05-06,1585.39,ok
2017-05-07,1609.57,ok
2017-05-08,1713,ok
2017-05-09,1720.43,ok
2017-05-10,1794.99,ok
2017-05-11,1837.93,ok
2017-05-12,1695.61,ok
2017-05-13,1792.73,ok
2017-05-14,1799.99,ok
2017-05-15,1747.81,ok
2017-05-16,1777.48,ok
2017-05-17,1813.23,ok
2017-05-18,1899.16,ok
2017-05-19,1976.23,ok
2017-05-20,2058.91,ok
2017-05-21,2057,ok
2017-05-22,2123.29,ok
2017-05-23,2272.75,ok
2017-05-24,2432.97,ok
2017-05-25,2355,ok
2017-05-26,2272.7,ok
2017-05-27,2099.99,ok
2017-05-28,2232.78,ok
2017-05-29,2279.48,ok
2017-05-30,2191.58,ok
2017-05-31,2303.29,ok
2017-06-01,2419.99,ok
2017-06-02,2478.99,ok
2017-06-03,2548.05,ok
2017-06-04,2521.36,ok
2017-06-05,2698,ok
2017-06-06,2871.29,ok
2017-06-07,2685.64,ok
2017-06-08,2799.73,ok
2017-06-09,2811.39,ok
2017-06-10,2931.15,ok
2017-06-11,2998.98,ok
2017-06-12,2655.71,ok
2017-06-13,2709.01,ok
2017-06-14,2432.21,ok
2017-06-15,2409.98,ok
2017-06-16,2480.43,ok
2017-06-17,2634.94,ok
2017-06-18,2515.25,ok
2017-06-19,2596.98,ok
2017-06-20,2725.08,ok
2017-06-21,2643.35,ok
2017-06-22,2679.99,ok
2017-06-23,2690.76,ok
2017-06-24,2574.84,ok
2017-06-25,2505.61,ok
2017-06-26,2407.91,ok
2017-06-27,2575.75,ok
2017-06-28,2553.12,ok
2017-06-29,2530,ok
2017-06-30,2455.19,ok
2017-07-01,2423.63,ok
2017-07-02,2516.66,ok
2017-07-03,2542.41,ok
2017-07-04,2602,ok
2017-07-05,2616.96,ok
2017-07-06,2604.84,ok
2017-07-07,2501.15,ok
2017-07-08,2561.11,ok
2017-07-09,2508.99,ok
2017-07-10,2331.05,ok
2017-07-11,2310.01,ok
2017-07-12,2383.42,ok
2017-07-13,2340,ok
2017-07-14,2217.24,ok
2017-07-15,1964.31,ok
2017-07-16,1911.78,ok
2017-07-17,2235.19,ok
2017-07-18,2308.15,ok
2017-07-19,2258.99,ok
2017-07-20,2873.48,ok
2017-07-21,2657.45,ok
2017-07-22,2825.27,ok
2017-07-23,2754.28,ok
2017-07-24,2762.26,ok
2017-07-25,2564,ok
2017-07-26,2525.99,ok
2017-07-27,2664.99,ok
2017-07-28,2786.07,ok
2017-07-29,2700.21,ok
2017-07-30,2723.99,ok
2017-07-31,2856.88,ok
2017-08-01,2732.59,ok
2017-08-02,2699.9,ok
2017-08-03,2787.02,ok
2017-08-04,2857.34,ok
2017-08-05,3243.49,ok
2017-08-06,3222.22,ok
2017-08-07,3398.23,ok
2017-08-08,3422.43,ok
2017-08-09,3342.8,ok
2017-08-10,3444.98,ok
2017-08-11,3656.15,ok
2017-08-12,3874,ok
2017-08-13,4060.47,ok
2017-08-14,4320.6,ok
2017-08-15,4159.93,ok
2017-08-16,4370.01,ok
2017-08-17,4280.01,ok
2017-08-18,4101.72,ok
2017-08-19,4157.41,ok
2017-08-20,4050.99,ok
2017-08-21,4002,ok
2017-08-22,4092,ok
2017-08-23,4143.49,ok
2017-08-24,4312.03,ok
2017-08-25,4360,ok
2017-08-26,4344.32,ok
2017-08-27,4340.11,ok
2017-08-28,4384.99,ok
2017-08-29,4599,ok
2017-08-30,4581.98,ok
2017-08-31,4743.94,ok
2017-09-01,4947.99,ok
2017-09-02,4649.99,ok
2017-09-03,4626.05,ok
2017-09-04,4498.25,ok
2017-09-05,4432.51,ok
2017-09-06,4616.18,ok
2017-09-07,4624.18,ok
2017-09-08,4350,ok
2017-09-09,4334.36,ok
2017-09-10,4251.36,ok
2017-09-11,4210.72,ok
2017-09-12,4164.52,ok
2017-09-13,3855.32,ok
2017-09-14,3250.4,ok
2017-09-15,3740.02,ok
2017-09-16,3726.51,ok
2017-09-17,3719.97,ok
2017-09-18,4100,ok
2017-09-19,3910.11,ok
2017-09-20,3872.06,ok
2017-09-21,3617.47,ok
2017-09-22,3619.01,ok
2017-09-23,3787.33,ok
2017-09-24,3669.01,ok
2017-09-25,3919.78,ok
2017-09-26,3885.09,ok
2017-09-27,4200,ok
2017-09-28,4189.42,ok
2017-09-29,4156.99,ok
2017-09-30,4339,ok
2017-10-01,4394.81,ok
2017-10-02,4392.71,ok
2017-10-03,4307.99,ok
2017-10-04,4214.84,ok
2017-10-05,4320.04,ok
2017-10-06,4362.99,ok
2017-10-07,4425,ok
2017-10-08,4603.49,ok
2017-10-09,4769.55,ok
2017-10-10,4750,ok
2017-10-11,4814.99,ok
2017-10-12,5440,ok
2017-10-13,5624.8,ok
2017-10-14,5819.13,ok
2017-10-15,5693.7,ok
2017-10-16,5754.9,ok
2017-10-17,5594,ok
2017-10-18,5574.44,ok
2017-10-19,5704.01,ok
2017-10-20,5989.1,ok
2017-10-21,6024.86,ok
2017-10-22,6005.05,ok
2017-10-23,5905.99,ok
2017-10-24,5525.43,ok
2017-10-25,5739.97,ok
2017-10-26,5891.61,ok
2017-10-27,5780,ok
2017-10-28,5752.01,ok
2017-10-29,6140.01,ok
2017-10-30,6124.16,ok
2017-10-31,6445.01,ok
2017-11-01,6783.69,ok
2017-11-02,7039.98,ok
2017-11-03,7170.01,ok
2017-11-04,7412.55,ok
2017-11-05,7392,ok
2017-11-06,6969.76,ok
2017-11-07,7126.63,ok
2017-11-08,7467.96,ok
2017-11-09,7156,ok
2017-11-10,6577.62,ok
2017-11-11,6346.7,ok
2017-11-12,5886.35,ok
2017-11-13,6535.87,ok
2017-11-14,6605,ok
2017-11-15,7294,ok
2017-11-16,7838.53,ok
2017-11-17,7714.71,ok
2017-11-18,7777.01,ok
2017-11-19,8031.82,ok
2017-11-20,8256.01,ok
2017-11-21,8109,ok
2017-11-22,8250,ok
2017-11-23,8031.16,ok
2017-11-24,8215.01,ok
2017-11-25,8795.5,ok
2017-11-26,9401.11,ok
2017-11-27,9768.71,ok
2017-11-28,9949,ok
2017-11-29,9935.98,ok
2017-11-30,9903,ok
2017-12-01,10869.8,ok
2017-12-02,10930.2,ok
2017-12-03,11290,ok
2017-12-04,11644,ok
2017-12-05,11718.4,ok
2017-12-06,14090,ok
2017-12-07,17390,ok
2017-12-08,16367,ok
2017-12-09,15310,ok
2017-12-10,15290,ok
2017-12-11,16885.8,ok
2017-12-12,17730.1,ok
2017-12-13,16689.6,ok
2017-12-14,16749.8,ok
2017-12-15,17738.7,ok
2017-12-16,19650,ok
2017-12-17,19379,ok
2017-12-18,19039,ok
2017-12-19,17838.7,ok
2017-12-20,16496.9,ok
2017-12-21,15758.8,ok
2017-12-22,14210.6,ok
2017-12-23,15075.9,ok
2017-12-24,14221.9,ok
2017-12-25,14172,ok
2017-12-26,15790.9,ok
2017-12-27,15367.1,ok
2017-12-28,14450,ok
2017-12-29,14565,ok
2017-12-30,12840,ok
2017-12-31,13863.1,ok
2018-01-01,13480,ok
2018-01-02,14781.5,ok
2018-01-03,15098.1,ok
2018-01-04,15145,ok
2018-01-05,16960,ok
2018-01-06,17099,ok
2018-01-07,16174.2,ok
2018-01-08,14993.7,ok
2018-01-09,14481,ok
2018-01-10,14875.2,ok
2018-01-11,13308.1,ok
2018-01-12,13820,ok
2018-01-13,14188,ok
2018-01-14,13656.2,ok
2018-01-15,13590,ok
2018-01-16,11570,ok
2018-01-17,11200,ok
2018-01-18,11305.5,ok
2018-01-19,11499,ok
2018-01-20,12762.8,ok
2018-01-21,11518.2,ok
2018-01-22,10766.7,ok
2018-01-23,10824.9,ok
2018-01-24,11356.8,ok
2018-01-25,11118,ok
2018-01-26,11086.9,ok
2018-01-27,11319,ok
2018-01-28,11536,ok
2018-01-29,11123,ok
2018-01-30,9995,ok
2018-01-31,10100,ok
2018-02-01,9014.23,ok
2018-02-02,8787.52,ok
2018-02-03,9240,ok
2018-02-04,8167.91,ok
2018-02-05,6905.19,ok
2018-02-06,7688.46,ok
2018-02-07,7575.75,ok
2018-02-08,8218.1,ok
2018-02-09,8671.01,ok
2018-02-10,8547.49,ok
2018-02-11,8072.99,ok
2018-02-12,8872.28,ok
2018-02-13,8520.01,ok
2018-02-14,9472.98,ok
2018-02-15,10031.2,ok
2018-02-16,10167.5,ok
2018-02-17,11121.5,ok
2018-02-18,10380,ok
2018-02-19,11140,ok
2018-02-20,11235.6,ok
2018-02-21,10454.3,ok
2018-02-22,9830,ok
2018-02-23,10145,ok
2018-02-24,9688.62,ok
2018-02-25,9597.99,ok
2018-02-26,10300,ok
2018-02-27,10566.6,ok
2018-02-28,10307.3,ok
2018-03-01,10895.9,ok
2018-03-02,11000,ok
2018-03-03,11432.5,ok
2018-03-04,11469.9,ok
2018-03-05,11377.5,ok
2018-03-06,10700,ok
2018-03-07,9925,ok
2018-03-08,9304.89,ok
2018-03-09,9255,ok
2018-03-10,8795.44,ok
2018-03-11,9533.88,ok
2018-03-12,9120,ok
2018-03-13,9145.41,ok
2018-03-14,8207.02,ok
2018-03-15,8259.99,ok
2018-03-16,8275,ok
2018-03-17,7857.6,ok
2018-03-18,8192,ok
2018-03-19,8589,ok
2018-03-20,8900,ok
2018-03-21,8891.81,ok
2018-03-22,8715.09,ok
2018-03-23,8927.1,ok
2018-03-24,8531.34,ok
2018-03-25,8453,ok
2018-03-26,8145,ok
2018-03-27,7793.61,ok
2018-03-28,7942.72,ok
2018-03-29,7080,ok
2018-03-30,6848.01,ok
2018-03-31,6928.5,ok
2018-04-01,6816.01,ok
2018-04-02,7045.01,ok
2018-04-03,7424.9,ok
2018-04-04,6791.68,ok
2018-04-05,6785.85,ok
2018-04-06,6619.01,ok
2018-04-07,6894.01,ok
2018-04-08,7020.01,ok
2018-04-09,6771.13,ok
2018-04-10,6824.99,ok
2018-04-11,6942.99,ok
2018-04-12,7916,ok
2018-04-13,7893.19,ok
2018-04-14,8003.11,ok
2018-04-15,8355.25,ok
2018-04-16,8048.93,ok
2018-04-17,7892.1,ok
2018-04-18,8152.05,ok
2018-04-19,8274,ok
2018-04-20,8866.27,ok
2018-04-21,8915.42,ok
2018-04-22,8795.01,ok
2018-04-23,8931.3,ok
2018-04-24,9645.1,ok
2018-04-25,8865.98,ok
2018-04-26,9272.11,ok
2018-04-27,8922.55,ok
2018-04-28,9329.99,ok
2018-04-29,9389.01,ok
2018-04-30,9243.83,ok
2018-05-01,9072.29,ok
2018-05-02,9190.48,ok
2018-05-03,9725.74,ok
2018-05-04,9685,ok
2018-05-05,9800,ok
2018-05-06,9600,ok
2018-05-07,9353,ok
2018-05-08,9177.82,ok
2018-05-09,9300.08,ok
2018-05-10,9010.51,ok
2018-05-11,8403.33,ok
2018-05-12,8475,ok
2018-05-13,8686.1,ok
2018-05-14,8670,ok
2018-05-15,8477.46,ok
2018-05-16,8344,ok
2018-05-17,8059,ok
2018-05-18,8238.51,ok
2018-05-19,8235.6,ok
2018-05-20,8516.86,ok
2018-05-21,8393.44,ok
2018-05-22,7987.7,ok
2018-05-23,7505,ok
2018-05-24,7584.15,ok
2018-05-25,7459.11,ok
2018-05-26,7337.95,ok
2018-05-27,7346.64,ok
2018-05-28,7107.94,ok
2018-05-29,7460,ok
2018-05-30,7380.01,ok
2018-05-31,7485,ok
2018-06-01,7514.32,ok
2018-06-02,7636.42,ok
2018-06-03,7706.37,ok
2018-06-04,7487.37,ok
2018-06-05,7612.51,ok
2018-06-06,7655,ok
2018-06-07,7684.93,ok
2018-06-08,7618.8,ok
2018-06-09,7496.4,ok
2018-06-10,6770.31,ok
2018-06-11,6881,ok
2018-06-12,6545,ok
2018-06-13,6302.31,ok
2018-06-14,6638.49,ok
2018-06-15,6391.22,ok
2018-06-16,6484.29,ok
2018-06-17,6447.16,ok
2018-06-18,6709.02,ok
2018-06-19,6736.41,ok
2018-06-20,6759.18,ok
2018-06-21,6719.01,ok
2018-06-22,6059.82,ok
2018-06-23,6178.29,ok
2018-06-24,6149.99,ok
2018-06-25,6246.01,ok
2018-06-26,6074,ok
2018-06-27,6132.17,ok
2018-06-28,5851.66,ok
2018-06-29,6202.36,ok
2018-06-30,6383.19,ok
2018-07-01,6349.5,ok
2018-07-02,6611.79,ok
2018-07-03,6502.62,ok
2018-07-04,6587.47,ok
2018-07-05,6532.95,ok
2018-07-06,6600,ok
2018-07-07,6753.28,ok
2018-07-08,6701.97,ok
2018-07-09,6664.01,ok
2018-07-10,6303.7,ok
2018-07-11,6390.04,ok
2018-07-12,6249.75,ok
2018-07-13,6216.29,ok
2018-07-14,6248.65,ok
2018-07-15,6348.73,ok
2018-07-16,6728.81,ok
2018-07-17,7315.01,ok
2018-07-18,7378.99,ok
2018-07-19,7470.01,ok
2018-07-20,7334.46,ok
2018-07-21,7408,ok
2018-07-22,7397.8,ok
2018-07-23,7720.09,ok
2018-07-24,8385.5,ok
2018-07-25,8157.15,ok
2018-07-26,7931.99,ok
2018-07-27,8184.21,ok
2018-07-28,8228.9,ok
2018-07-29,8216.34,ok
2018-07-30,8170.01,ok
2018-07-31,7727.27,ok
2018-08-01,7603.99,ok
2018-08-02,7533.92,ok
2018-08-03,7414.08,ok
2018-08-04,7005,ok
2018-08-05,7030.01,ok
2018-08-06,6938,ok
2018-08-07,6718.22,ok
2018-08-08,6282.5,ok
2018-08-09,6546.45,ok
2018-08-10,6146.01,ok
2018-08-11,6235.56,ok
2018-08-12,6316.01,ok
2018-08-13,6253.67,ok
2018-08-14,6195.01,ok
2018-08-15,6269.01,ok
2018-08-16,6315.9,ok
2018-08-17,6585.49,ok
2018-08-18,6396.64,ok
2018-08-19,6489.53,ok
2018-08-20,6258.74,ok
2018-08-21,6475.89,ok
2018-08-22,6359.99,ok
2018-08-23,6526.36,ok
2018-08-24,6690.88,ok
2018-08-25,6737.52,ok
2018-08-26,6709.98,ok
2018-08-27,6911.9,ok
2018-08-28,7071.01,ok
2018-08-29,7030.9,ok
2018-08-30,6983,ok
2018-08-31,7015.01,ok
2018-09-01,7191.08,ok
2018-09-02,7295,ok
2018-09-03,7256.98,ok
2018-09-04,7360,ok
2018-09-05,6687.96,ok
2018-09-06,6495,ok
2018-09-07,6395.01,ok
2018-09-08,6188,ok
2018-09-09,6235.01,ok
2018-09-10,6300,ok
2018-09-11,6282.53,ok
2018-09-12,6326,ok
2018-09-13,6485.99,ok
2018-09-14,6478.04,ok
2018-09-15,6518.68,ok
2018-09-16,6498,ok
2018-09-17,6250.7,ok
2018-09-18,6335.7,ok
2018-09-19,6386.94,ok
2018-09-20,6493.11,ok
2018-09-21,6750,ok
2018-09-22,6707.33,ok
2018-09-23,6696.99,ok
2018-09-24,6582.09,ok
2018-09-25,6436.89,ok
2018-09-26,6455.66,ok
2018-09-27,6680.01,ok
2018-09-28,6620.01,ok
2018-09-29,6581,ok
2018-09-30,6605,ok
2018-10-01,6572.83,ok
2018-10-02,6498.46,ok
2018-10-03,6466.03,ok
2018-10-04,6547.45,ok
2018-10-05,6593.94,ok
2018-10-06,6552.43,ok
2018-10-07,6570,ok
2018-10-08,6608.07,ok
2018-10-09,6589.48,ok
2018-10-10,6524.56,ok
2018-10-11,6154.69,ok
2018-10-12,6188.01,ok
2018-10-13,6196,ok
2018-10-14,6183.49,ok
2018-10-15,6440.42,ok
2018-10-16,6457.11,ok
2018-10-17,6443.7,ok
2018-10-18,6394.96,ok
2018-10-19,6382.99,ok
2018-10-20,6414,ok
2018-10-21,6415.88,ok
2018-10-22,6407.65,ok
2018-10-23,6395.14,ok
2018-10-24,6415.98,ok
2018-10-25,6395.58,ok
2018-10-26,6404.87,ok
2018-10-27,6409.12,ok
2018-10-28,6403.62,ok
2018-10-29,6266,ok
2018-10-30,6267.63,ok
2018-10-31,6304.18,ok
2018-11-01,6344,ok
2018-11-02,6349.8,ok
2018-11-03,6331.96,ok
2018-11-04,6423.28,ok
2018-11-05,6404,ok
2018-11-06,6448.5,ok
2018-11-07,6503.12,ok
2018-11-08,6406.24,ok
2018-11-09,6334.89,ok
2018-11-10,6347.42,ok
2018-11-11,6357.6,ok
2018-11-12,6327.87,ok
2018-11-13,6259.34,ok
2018-11-14,5605.46,ok
2018-11-15,5579.52,ok
2018-11-16,5512.24,ok
2018-11-17,5504.17,ok
2018-11-18,5560,ok
2018-11-19,4733.5,ok
2018-11-20,4349.23,ok
2018-11-21,4545.11,ok
2018-11-22,4265.36,ok
2018-11-23,4283.8,ok
2018-11-24,3774.99,ok
2018-11-25,3936.69,ok
2018-11-26,3731.32,ok
2018-11-27,3775,ok
2018-11-28,4225.03,ok
2018-11-29,4248,ok
2018-11-30,3976,ok
2018-12-01,4142.01,ok
2018-12-02,4103.19,ok
2018-12-03,3833.47,ok
2018-12-04,3901.84,ok
2018-12-05,3694.39,ok
2018-12-06,3433.26,ok
2018-12-07,3380.01,ok
2018-12-08,3401,ok
2018-12-09,3531.18,ok
2018-12-10,3410.15,ok
2018-12-11,3349.36,ok
2018-12-12,3430.24,ok
2018-12-13,3265,ok
2018-12-14,3195.71,ok
2018-12-15,3183,ok
2018-12-16,3195,ok
2018-12-17,3496.82,ok
2018-12-18,3667.77,ok
2018-12-19,3682.51,ok
2018-12-20,4075.34,ok
2018-12-21,3839.06,ok
2018-12-22,3980.46,ok
2018-12-23,3944.93,ok
2018-12-24,4034,ok
2018-12-25,3780,ok
2018-12-26,3809.88,ok
2018-12-27,3589.89,ok
2018-12-28,3888.06,ok
2018-12-29,3729.31,ok
2018-12-30,3829,ok
2018-12-31,3691.86,ok
2019-01-01,3826.1,ok
2019-01-02,3890.79,ok
2019-01-03,3787.57,ok
2019-01-04,3820.82,ok
2019-01-05,3798.62,ok
2019-01-06,4040.99,ok
2019-01-07,4006.01,ok
2019-01-08,3993.86,ok
2019-01-09,4004.12,ok
2019-01-10,3626.12,ok
2019-01-11,3635.69,ok
2019-01-12,3619.41,ok
2019-01-13,3514.24,ok
2019-01-14,3664.19,ok
2019-01-15,3580.76,ok
2019-01-16,3609.71,ok
2019-01-17,3640.65,ok
2019-01-18,3607.85,ok
2019-01-19,3682.65,ok
2019-01-20,3536.19,ok
2019-01-21,3531.76,ok
2019-01-22,3577.03,ok
2019-01-23,3553.01,ok
2019-01-24,3568.97,ok
2019-01-25,3562.17,ok
2019-01-26,3556.07,ok
2019-01-27,3531.02,ok
2019-01-28,3429.95,ok
2019-01-29,3397.42,ok
2019-01-30,3437.55,ok
2019-01-31,3411.5,ok
2019-02-01,3437.5,ok
2019-02-02,3468.43,ok
2019-02-03,3414.78,ok
2019-02-04,3409.57,ok
2019-02-05,3428.4,ok
2019-02-06,3367.36,ok
2019-02-07,3359,ok
2019-02-08,3621.99,ok
2019-02-09,3623.73,ok
2019-02-10,3648.84,ok
2019-02-11,3590.36,ok
2019-02-12,3588.06,ok
2019-02-13,3576.68,ok
2019-02-14,3561.5,ok
2019-02-15,3566.59,ok
2019-02-16,3582.37,ok
2019-02-17,3625.08,ok
2019-02-18,3867,ok
2019-02-19,3888.01,ok
2019-02-20,3938.99,ok
2019-02-21,3897.71,ok
2019-02-22,3942.02,ok
2019-02-23,4110,ok
2019-02-24,3734.22,ok
2019-02-25,3818.79,ok
2019-02-26,3799.48,ok
2019-02-27,3799.91,ok
2019-02-28,3792.14,ok
2019-03-01,3806.17,ok
2019-03-02,3809.7,ok
2019-03-03,3786.93,ok
2019-03-04,3700.72,ok
2019-03-05,3844.59,ok
2019-03-06,3851.89,ok
2019-03-07,3857.05,ok
2019-03-08,3843.12,ok
2019-03-09,3917,ok
2019-03-10,3900.92,ok
2019-03-11,3849.68,ok
2019-03-12,3860,ok
2019-03-13,3851.02,ok
2019-03-14,3853.95,ok
2019-03-15,3902.8,ok
2019-03-16,3990,ok
2019-03-17,3967.01,ok
2019-03-18,3970.5,ok
2019-03-19,4000.85,ok
2019-03-20,4031.85,ok
2019-03-21,3972.76,ok
2019-03-22,3983.78,ok
2019-03-23,3983.43,ok
2019-03-24,3969.52,ok
2019-03-25,3907.53,ok
2019-03-26,3921.45,ok
2019-03-27,4026.53,ok
2019-03-28,4011.17,ok
2019-03-29,4091.01,ok
2019-03-30,4094.14,ok
2019-03-31,4094.99,ok
2019-04-01,4137,ok
2019-04-02,4901.93,ok
2019-04-03,4975.97,ok
2019-04-04,4906.49,ok
2019-04-05,5040.66,ok
2019-04-06,5049.22,ok
2019-04-07,5194.79,ok
2019-04-08,5285.54,ok
2019-04-09,5187.21,ok
2019-04-10,5318.58,ok
2019-04-11,5041.3,ok
2019-04-12,5078.19,ok
2019-04-13,5066.22,ok
2019-04-14,5164.27,ok
2019-04-15,5029.99,ok
2019-04-16,5202.9,ok
2019-04-17,5227,ok
2019-04-18,5281.81,ok
2019-04-19,5290.36,ok
2019-04-20,5319.89,ok
2019-04-21,5297.64,ok
2019-04-22,5387.6,ok
2019-04-23,5532.75,ok
2019-04-24,5441.9,ok
2019-04-25,5134.81,ok
2019-04-26,5159.51,ok
2019-04-27,5170.6,ok
2019-04-28,5155,ok
2019-04-29,5148.25,ok
2019-04-30,5270.69,ok
2019-05-01,5321.15,ok
2019-05-02,5390.01,ok
2019-05-03,5657.4,ok
2019-05-04,5770.01,ok
2019-05-05,5715.86,ok
2019-05-06,5687.9,ok
2019-05-07,5748.45,ok
2019-05-08,5948.41,ok
2019-05-09,6153.09,ok
2019-05-10,6343.14,ok
2019-05-11,7219.95,ok
2019-05-12,6979.76,ok
2019-05-13,7824.93,ok
2019-05-14,7990.92,ok
2019-05-15,8203.32,ok
2019-05-16,7878.96,ok
2019-05-17,7363.69,ok
2019-05-18,7262.4,ok
2019-05-19,8200,ok
2019-05-20,7999.54,ok
2019-05-21,7951.7,ok
2019-05-22,7626.48,ok
2019-05-23,7881.98,ok
2019-05-24,8001.7,ok
2019-05-25,8063.81,ok
2019-05-26,8731.72,ok
2019-05-27,8772.29,ok
2019-05-28,8715.36,ok
2019-05-29,8662.44,ok
2019-05-30,8279.69,ok
2019-05-31,8554.06,ok
2019-06-01,8558.95,ok
2019-06-02,8736.55,ok
2019-06-03,8107.96,ok
2019-06-04,7670.96,ok
2019-06-05,7789.48,ok
2019-06-06,7805,ok
2019-06-07,7998.13,ok
2019-06-08,7930.14,ok
2019-06-09,7634.58,ok
2019-06-10,8015.69,ok
2019-06-11,7918.17,ok
2019-06-12,8176.02,ok
2019-06-13,8239.04,ok
2019-06-14,8697.46,ok
2019-06-15,8860.23,ok
2019-06-16,8975,ok
2019-06-17,9333.14,ok
2019-06-18,9078.48,ok
2019-06-19,9277.54,ok
2019-06-20,9531.21,ok
2019-06-21,10236.2,ok
2019-06-22,10666.9,ok
2019-06-23,10833,ok
2019-06-24,11032.3,ok
2019-06-25,11755.5,ok
2019-06-26,12927.4,ok
2019-06-27,11159.3,ok
2019-06-28,12360.5,ok
2019-06-29,11865.3,ok
2019-06-30,10761.3,ok
2019-07-01,10577.6,ok
2019-07-02,10829.2,ok
2019-07-03,11976.4,ok
2019-07-04,11136,ok
2019-07-05,11004.5,ok
2019-07-06,11237.8,ok
2019-07-07,11474.4,ok
2019-07-08,12293.5,ok
2019-07-09,12571.1,ok
2019-07-10,12098,ok
2019-07-11,11349,ok
2019-07-12,11802,ok
2019-07-13,11370.1,ok
2019-07-14,10185,ok
2019-07-15,10854.5,ok
2019-07-16,9422.72,ok
2019-07-17,9696.31,ok
2019-07-18,10649.1,ok
2019-07-19,10538.1,ok
2019-07-20,10761,ok
2019-07-21,10590.7,ok
2019-07-22,10323.4,ok
2019-07-23,9840.12,ok
2019-07-24,9772.6,ok
2019-07-25,9883.33,ok
2019-07-26,9843,ok
2019-07-27,9479.98,ok
2019-07-28,9533,ok
2019-07-29,9495.01,ok
2019-07-30,9589.01,ok
2019-07-31,10087.3,ok
2019-08-01,10405.9,ok
2019-08-02,10533,ok
2019-08-03,10820.8,ok
2019-08-04,10977.5,ok
2019-08-05,11819.5,ok
2019-08-06,11465.5,ok
2019-08-07,11975,ok
2019-08-08,11981,ok
2019-08-09,11856.1,ok
2019-08-10,11281,ok
2019-08-11,11540.8,ok
2019-08-12,11389.3,ok
2019-08-13,10854.9,ok
2019-08-14,10025.9,ok
2019-08-15,10300,ok
2019-08-16,10352.8,ok
2019-08-17,10217.8,ok
2019-08-18,10315.5,ok
2019-08-19,10920,ok
2019-08-20,10769.1,ok
2019-08-21,10130,ok
2019-08-22,10107.1,ok
2019-08-23,10410.9,ok
2019-08-24,10148,ok
2019-08-25,10138.7,ok
2019-08-26,10361.6,ok
2019-08-27,10171.9,ok
2019-08-28,9714.31,ok
2019-08-29,9495,ok
2019-08-30,9582.42,ok
2019-08-31,9600.86,ok
2019-09-01,9766.52,ok
2019-09-02,10381.3,ok
2019-09-03,10628.5,ok
2019-09-04,10581.8,ok
2019-09-05,10574.7,ok
2019-09-06,10308.9,ok
2019-09-07,10484.4,ok
2019-09-08,10399,ok
2019-09-09,10310,ok
2019-09-10,10093,ok
2019-09-11,10160.2,ok
2019-09-12,10423.7,ok
2019-09-13,10365.9,ok
2019-09-14,10360.2,ok
2019-09-15,10304.5,ok
2019-09-16,10262.5,ok
2019-09-17,10185.4,ok
2019-09-18,10155.3,ok
2019-09-19,10275,ok
2019-09-20,10168.9,ok
2019-09-21,9973.99,ok
2019-09-22,10026.8,ok
2019-09-23,9693.74,ok
2019-09-24,8530.01,ok
2019-09-25,8438.35,ok
2019-09-26,8060,ok
2019-09-27,8193.99,ok
2019-09-28,8217.47,ok
2019-09-29,8052.4,ok
2019-09-30,8304.96,ok
2019-10-01,8321.52,ok
2019-10-02,8381.72,ok
2019-10-03,8240.41,ok
2019-10-04,8156.67,ok
2019-10-05,8147.63,ok
2019-10-06,7859.79,ok
2019-10-07,8209,ok
2019-10-08,8180,ok
2019-10-09,8590,ok
2019-10-10,8587.5,ok
2019-10-11,8267.33,ok
2019-10-12,8309.03,ok
2019-10-13,8282.97,ok
2019-10-14,8355,ok
2019-10-15,8162.44,ok
2019-10-16,7993.54,ok
2019-10-17,8076.2,ok
2019-10-18,7954.16,ok
2019-10-19,7965.28,ok
2019-10-20,8236.12,ok
2019-10-21,8209.92,ok
2019-10-22,8024.72,ok
2019-10-23,7474.85,ok
2019-10-24,7430.87,ok
2019-10-25,8668,ok
2019-10-26,9259.78,ok
2019-10-27,9548.84,ok
2019-10-28,9226.5,ok
2019-10-29,9430.8,ok
2019-10-30,9164.44,ok
2019-10-31,9159.48,ok
2019-11-01,9253.12,ok
2019-11-02,9308.52,ok
2019-11-03,9206.52,ok
2019-11-04,9412.53,ok
2019-11-05,9322.09,ok
2019-11-06,9341.27,ok
2019-11-07,9198.84,ok
2019-11-08,8763.01,ok
2019-11-09,8807.89,ok
2019-11-10,9032.23,ok
2019-11-11,8721.54,ok
2019-11-12,8810,ok
2019-11-13,8758.34,ok
2019-11-14,8630,ok
2019-11-15,8457.48,ok
2019-11-16,8481,ok
2019-11-17,8500.01,ok
2019-11-18,8168.84,ok
2019-11-19,8123.36,ok
2019-11-20,8082.96,ok
2019-11-21,7616.46,ok
2019-11-22,7283.03,ok
2019-11-23,7329.29,ok
2019-11-24,6908.64,ok
2019-11-25,7127.01,ok
2019-11-26,7162.67,ok
2019-11-27,7523.72,ok
2019-11-28,7432.41,ok
2019-11-29,7760,ok
2019-11-30,7555.92,ok
2019-12-01,7404.27,ok
2019-12-02,7305.01,ok
2019-12-03,7302.94,ok
2019-12-04,7198.99,ok
2019-12-05,7393.54,ok
2019-12-06,7540.08,ok
2019-12-07,7502.19,ok
2019-12-08,7520,ok
2019-12-09,7337.51,ok
2019-12-10,7219.37,ok
2019-12-11,7201.23,ok
2019-12-12,7185.91,ok
2019-12-13,7249.9,ok
2019-12-14,7062.91,ok
2019-12-15,7111,ok
2019-12-16,6877.03,ok
2019-12-17,6616.62,ok
2019-12-18,7285.53,ok
2019-12-19,7149.12,ok
2019-12-20,7190,ok
2019-12-21,7143.01,ok
2019-12-22,7513.06,ok
2019-12-23,7310.79,ok
2019-12-24,7255.01,ok
2019-12-25,7192.12,ok
2019-12-26,7194.13,ok
2019-12-27,7245.83,ok
2019-12-28,7302.67,ok
2019-12-29,7384.89,ok
2019-12-30,7218,ok
2019-12-31,7165.72,ok
2020-01-01,7174.33,ok
2020-01-02,6945.02,ok
2020-01-03,7334.45,ok
2020-01-04,7348.63,ok
2020-01-05,7355.4,ok
2020-01-06,7764.63,ok
2020-01-07,8158.52,ok
2020-01-08,8045.51,ok
2020-01-09,7813.78,ok
2020-01-10,8198.09,ok
2020-01-11,8020,ok
2020-01-12,8180.81,ok
2020-01-13,8104.5,ok
2020-01-14,8815.69,ok
2020-01-15,8808.81,ok
2020-01-16,8714.76,ok
2020-01-17,8899.42,ok
2020-01-18,8909.32,ok
2020-01-19,8697.53,ok
2020-01-20,8628.89,ok
2020-01-21,8722.03,ok
2020-01-22,8660.38,ok
2020-01-23,8385.22,ok
2020-01-24,8427.26,ok
2020-01-25,8326.81,ok
2020-01-26,8595,ok
2020-01-27,8895.96,ok
2020-01-28,9394.5,ok
2020-01-29,9288.44,ok
2020-01-30,9503.08,ok
2020-01-31,9334.98,ok
2020-02-01,9380.18,ok
2020-02-02,9323.5,ok
2020-02-03,9280.49,ok
2020-02-04,9164.33,ok
2020-02-05,9613.82,ok
2020-02-06,9763.01,ok
2020-02-07,9808.05,ok
2020-02-08,9905.64,ok
2020-02-09,10168.4,ok
2020-02-10,9851.78,ok
2020-02-11,10270,ok
2020-02-12,10351.1,ok
2020-02-13,10236.5,ok
2020-02-14,10371.3,ok
2020-02-15,9911.22,ok
2020-02-16,9921,ok
2020-02-17,9700,ok
2020-02-18,10188,ok
2020-02-19,9600.08,ok
2020-02-20,9610.05,ok
2020-02-21,9695.66,ok
2020-02-22,9668.23,ok
2020-02-23,9965.01,ok
2020-02-24,9660,ok
2020-02-25,9305,ok
2020-02-26,8778.3,ok
2020-02-27,8812.49,ok
2020-02-28,8708.89,ok
2020-02-29,8525.07,ok
2020-03-01,8522.31,ok
2020-03-02,8915,ok
2020-03-03,8757.84,ok
2020-03-04,8760.66,ok
2020-03-05,9070.17,ok
2020-03-06,9158.51,ok
2020-03-07,8901.37,ok
2020-03-08,8037.76,ok
2020-03-09,7934.52,ok
2020-03-10,7894.68,ok
2020-03-11,7938.05,ok
2020-03-12,4857.1,ok
2020-03-13,5637.6,ok
2020-03-14,5165.25,ok
2020-03-15,5345.35,ok
2020-03-16,5037.61,ok
2020-03-17,5331.71,ok
2020-03-18,5413.64,ok
2020-03-19,6186.26,ok
2020-03-20,6206.1,ok
2020-03-21,6198.78,ok
2020-03-22,5818.25,ok
2020-03-23,6490.63,ok
2020-03-24,6766.64,ok
2020-03-25,6690.96,ok
2020-03-26,6758.18,ok
2020-03-27,6372.36,ok
2020-03-28,6251.82,ok
2020-03-29,5877.21,ok
2020-03-30,6406.4,ok
2020-03-31,6424.35,ok
2020-04-01,6666.11,ok
2020-04-02,6804.52,ok
2020-04-03,6741.99,ok
2020-04-04,6874.77,ok
2020-04-05,6778.25,ok
2020-04-06,7341.56,ok
2020-04-07,7200.01,ok
2020-04-08,7370.11,ok
2020-04-09,7293.24,ok
2020-04-10,6871.91,ok
2020-04-11,6889.65,ok
2020-04-12,6908.13,ok
2020-04-13,6861.21,ok
2020-04-14,6877.37,ok
2020-04-15,6624.12,ok
2020-04-16,7112.64,ok
2020-04-17,7037.46,ok
2020-04-18,7261.76,ok
2020-04-19,7130.71,ok
2020-04-20,6838.19,ok
2020-04-21,6853.68,ok
2020-04-22,7136.84,ok
2020-04-23,7488.83,ok
2020-04-24,7514.64,ok
2020-04-25,7547.61,ok
2020-04-26,7706.4,ok
2020-04-27,7789.77,ok
2020-04-28,7755.01,ok
2020-04-29,8793.75,ok
2020-04-30,8624.28,ok
2020-05-01,8829.42,ok
2020-05-02,8985.58,ok
2020-05-03,8909.95,ok
2020-05-04,8883.53,ok
2020-05-05,9028.79,ok
2020-05-06,9155.79,ok
2020-05-07,10004.8,ok
2020-05-08,9810,ok
2020-05-09,9537.21,ok
2020-05-10,8729.86,ok
2020-05-11,8572.4,ok
2020-05-12,8821.42,ok
2020-05-13,9321.26,ok
2020-05-14,9795.34,ok
2020-05-15,9312.1,ok
2020-05-16,9383.16,ok
2020-05-17,9676.63,ok
2020-05-18,9728.52,ok
2020-05-19,9783.76,ok
2020-05-20,9509.41,ok
2020-05-21,9061.96,ok
2020-05-22,9168.84,ok
2020-05-23,9181.76,ok
2020-05-24,8715.73,ok
2020-05-25,8899.31,ok
2020-05-26,8844.42,ok
2020-05-27,9208.53,ok
2020-05-28,9580.19,ok
2020-05-29,9423.84,ok
2020-05-30,9700.33,ok
2020-05-31,9446.57,ok
2020-06-01,10209,ok
2020-06-02,9522.46,ok
2020-06-03,9668.07,ok
2020-06-04,9788.03,ok
2020-06-05,9613.21,ok
2020-06-06,9671.7,ok
2020-06-07,9750.12,ok
2020-06-08,9781.51,ok
2020-06-09,9779.41,ok
2020-06-10,9894.04,ok
2020-06-11,9268.16,ok
2020-06-12,9464.17,ok
2020-06-13,9475,ok
2020-06-14,9325,ok
2020-06-15,9432.53,ok
2020-06-16,9526.25,ok
2020-06-17,9457.51,ok
2020-06-18,9376.14,ok
2020-06-19,9301.91,ok
2020-06-20,9355.74,ok
2020-06-21,9286.14,ok
2020-06-22,9690.74,ok
2020-06-23,9623.56,ok
2020-06-24,9285.91,ok
2020-06-25,9243.51,ok
2020-06-26,9155.42,ok
2020-06-27,9002.46,ok
2020-06-28,9113.24,ok
2020-06-29,9184.45,ok
2020-06-30,9136.2,ok
2020-07-01,9239.97,ok
2020-07-02,9091.53,ok
2020-07-03,9063.87,ok
2020-07-04,9138.51,ok
2020-07-05,9074.39,ok
2020-07-06,9343.31,ok
2020-07-07,9253.94,ok
2020-07-08,9435.28,ok
2020-07-09,9236.95,ok
2020-07-10,9291.05,ok
2020-07-11,9235,ok
2020-07-12,9303.37,ok
2020-07-13,9236.92,ok
2020-07-14,9256.94,ok
2020-07-15,9190.16,ok
2020-07-16,9130.11,ok
2020-07-17,9154.29,ok
2020-07-18,9175.85,ok
2020-07-19,9212.87,ok
2020-07-20,9161.05,ok
2020-07-21,9394.14,ok
2020-07-22,9536.18,ok
2020-07-23,9613.24,ok
2020-07-24,9551.21,ok
2020-07-25,9711.33,ok
2020-07-26,9941,ok
2020-07-27,11048.9,ok
2020-07-28,10934.2,ok
2020-07-29,11110.1,ok
2020-07-30,11116,ok
2020-07-31,11351.6,ok
2020-08-01,11810.1,ok
2020-08-02,11068.5,ok
2020-08-03,11233.1,ok
2020-08-04,11197,ok
2020-08-05,11756.8,ok
2020-08-06,11773.9,ok
2020-08-07,11606.5,ok
2020-08-08,11775,ok
2020-08-09,11688.5,ok
2020-08-10,11899.7,ok
2020-08-11,11388.5,ok
2020-08-12,11566.5,ok
2020-08-13,11796,ok
2020-08-14,11779,ok
2020-08-15,11859.2,ok
2020-08-16,11918.8,ok
2020-08-17,12304.3,ok
2020-08-18,11950,ok
2020-08-19,11758.9,ok
2020-08-20,11864.3,ok
2020-08-21,11529.2,ok
2020-08-22,11672.9,ok
2020-08-23,11650,ok
2020-08-24,11753.9,ok
2020-08-25,11324.9,ok
2020-08-26,11463.3,ok
2020-08-27,11330.1,ok
2020-08-28,11535,ok
2020-08-29,11474.3,ok
2020-08-30,11716,ok
2020-08-31,11655,ok
2020-09-01,11924.2,ok
2020-09-02,11395.5,ok
2020-09-03,10172.5,ok
2020-09-04,10500,ok
2020-09-05,10168.4,ok
2020-09-06,10257.9,ok
2020-09-07,10375,ok
2020-09-08,10125.7,ok
2020-09-09,10224.6,ok
2020-09-10,10343.2,ok
2020-09-11,10394.4,ok
2020-09-12,10446.5,ok
2020-09-13,10336.8,ok
2020-09-14,10680,ok
2020-09-15,10783.8,ok
2020-09-16,10959.6,ok
2020-09-17,10943.6,ok
2020-09-18,10937.5,ok
2020-09-19,11080,ok
2020-09-20,10920.9,ok
2020-09-21,10416.8,ok
2020-09-22,10531.1,ok
2020-09-23,10235.1,ok
2020-09-24,10740,ok
2020-09-25,10690.5,ok
2020-09-26,10730,ok
2020-09-27,10778.2,ok
2020-09-28,10695.5,ok
2020-09-29,10840.7,ok
2020-09-30,10779.6,ok
2020-10-01,10617.6,ok
2020-10-02,10573.1,ok
2020-10-03,10551.6,ok
2020-10-04,10671.1,ok
2020-10-05,10795,ok
2020-10-06,10602.7,ok
2020-10-07,10670.5,ok
2020-10-08,10933.1,ok
2020-10-09,11057.1,ok
2020-10-10,11299.5,ok
2020-10-11,11374,ok
2020-10-12,11535.5,ok
2020-10-13,11428.2,ok
2020-10-14,11427.7,ok
2020-10-15,11509.3,ok
2020-10-16,11329,ok
2020-10-17,11367.9,ok
2020-10-18,11514.2,ok
2020-10-19,11760.5,ok
2020-10-20,11923.8,ok
2020-10-21,12808,ok
2020-10-22,12987,ok
2020-10-23,12937.1,ok
2020-10-24,13126.2,ok
2020-10-25,13045,ok
2020-10-26,13068.8,ok
2020-10-27,13698.2,ok
2020-10-28,13281,ok
2020-10-29,13460,ok
2020-10-30,13571.5,ok
2020-10-31,13804.8,ok
2020-11-01,13771.6,ok
2020-11-02,13563.2,ok
2020-11-03,14035.8,ok
2020-11-04,14161.5,ok
2020-11-05,15608.2,ok
2020-11-06,15600,ok
2020-11-07,14834.1,ok
2020-11-08,15482.9,ok
2020-11-09,15342.2,ok
2020-11-10,15315,ok
2020-11-11,15705.8,ok
2020-11-12,16310.8,ok
2020-11-13,16339.6,ok
2020-11-14,16082,ok
2020-11-15,15966.9,ok
2020-11-16,16726.6,ok
2020-11-17,17679.4,ok
2020-11-18,17782.9,ok
2020-11-19,17821.6,ok
2020-11-20,18675.2,ok
2020-11-21,18721.2,ok
2020-11-22,18437.7,ok
2020-11-23,18384.8,ok
2020-11-24,19172.8,ok
2020-11-25,18721.9,ok
2020-11-26,17170,ok
2020-11-27,17154,ok
2020-11-28,17739.8,ok
2020-11-29,18202,ok
2020-11-30,19713.9,ok
2020-12-01,18783,ok
2020-12-02,19225.6,ok
2020-12-03,19448.6,ok
2020-12-04,18658.1,ok
2020-12-05,19159,ok
2020-12-06,19375.6,ok
2020-12-07,19177.7,ok
2020-12-08,18316.2,ok
2020-12-09,18546.5,ok
2020-12-10,18253.4,ok
2020-12-11,18042.2,ok
2020-12-12,18821.3,ok
2020-12-13,19166.7,ok
2020-12-14,19272.4,ok
2020-12-15,19444.6,ok
2020-12-16,21359.7,ok
2020-12-17,22826.5,ok
2020-12-18,23137.8,ok
2020-12-19,23850,ok
2020-12-20,23476.5,ok
2020-12-21,22729.4,ok
2020-12-22,23823.3,ok
2020-12-23,23228.3,ok
2020-12-24,23718,ok
2020-12-25,24704.7,ok
2020-12-26,26475.3,ok
2020-12-27,26258.7,ok
2020-12-28,27040.4,ok
2020-12-29,27366.3,ok
2020-12-30,28897.4,ok
2020-12-31,28990.1,ok
2021-01-01,29412.8,ok
2021-01-02,32225.9,ok
2021-01-03,33080.7,ok
2021-01-04,32020,ok
2021-01-05,34030.6,ok
2021-01-06,36859.3,ok
2021-01-07,39505.6,ok
2021-01-08,40665.2,ok
2021-01-09,40257.4,ok
2021-01-10,38171.6,ok
2021-01-11,35452.6,ok
2021-01-12,34039,ok
2021-01-13,37393.7,ok
2021-01-14,39125.1,ok
2021-01-15,36754.7,ok
2021-01-16,36006.9,ok
2021-01-17,35820,ok
2021-01-18,36624.2,ok
2021-01-19,35917.3,ok
2021-01-20,35503.1,ok
2021-01-21,30856,ok
2021-01-22,32984.9,ok
2021-01-23,32112,ok
2021-01-24,32288.6,ok
2021-01-25,32261.9,ok
2021-01-26,32510.8,ok
2021-01-27,30407.1,ok
2021-01-28,33489,ok
2021-01-29,34262.1,ok
2021-01-30,34315.6,ok
2021-01-31,33137.7,ok
2021-02-01,33533.2,ok
2021-02-02,35512.7,ok
2021-02-03,37678.4,ok
2021-02-04,36975,ok
2021-02-05,38311.5,ok
2021-02-06,39265.4,ok
2021-02-07,38871.4,ok
2021-02-08,46448.1,ok
2021-02-09,46514.7,ok
2021-02-10,44850,ok
2021-02-11,47997.9,ok
2021-02-12,47408.3,ok
2021-02-13,47232.4,ok
2021-02-14,48680.7,ok
2021-02-15,47936.4,ok
2021-02-16,49158.7,ok
2021-02-17,52170,ok
2021-02-18,51601.7,ok
2021-02-19,55983.6,ok
2021-02-20,55923.5,ok
2021-02-21,57489.2,ok
2021-02-22,54142.1,ok
2021-02-23,48900,ok
2021-02-24,49737.8,ok
2021-02-25,47058.5,ok
2021-02-26,46326.2,ok
2021-02-27,46180.8,ok
2021-02-28,45231.8,ok
2021-03-01,49639.4,ok
2021-03-02,48511.6,ok
2021-03-03,50360,ok
2021-03-04,48368.5,ok
2021-03-05,48769.5,ok
2021-03-06,48909.8,ok
2021-03-07,50978.6,ok
2021-03-08,52415.2,ok
2021-03-09,54916.4,ok
2021-03-10,55890.7,ok
2021-03-11,57815.5,ok
2021-03-12,57225.9,ok
2021-03-13,61178.5,ok
2021-03-14,58972.7,ok
2021-03-15,55636.2,ok
2021-03-16,56927.1,ok
2021-03-17,58925.5,ok
2021-03-18,57644.9,ok
2021-03-19,58039.7,ok
2021-03-20,58116.7,ok
2021-03-21,57363.3,ok
2021-03-22,54110.1,ok
2021-03-23,54345.5,ok
2021-03-24,52276.2,ok
2021-03-25,51325,ok
2021-03-26,55072.4,ok
2021-03-27,55856.5,ok
2021-03-28,55778.8,ok
2021-03-29,57613.5,ok
2021-03-30,58786.5,ok
2021-03-31,58800,ok
2021-04-01,58726.5,ok
2021-04-02,58981,ok
2021-04-03,57094.3,ok
2021-04-04,58215.9,ok
2021-04-05,59123,ok
2021-04-06,58020,ok
2021-04-07,55955.8,ok
2021-04-08,58083.1,ok
2021-04-09,58092.7,ok
2021-04-10,59778.6,ok
2021-04-11,59985.3,ok
2021-04-12,59839.8,ok
2021-04-13,63588.2,ok
2021-04-14,62971.8,ok
2021-04-15,63229,ok
2021-04-16,61427.3,ok
2021-04-17,60058.9,ok
2021-04-18,56274.4,ok
2021-04-19,55696.8,ok
2021-04-20,56499.3,ok
2021-04-21,53800.9,ok
2021-04-22,51701.6,ok
2021-04-23,51187.3,ok
2021-04-24,50089.2,ok
2021-04-25,49121,ok
2021-04-26,54053.6,ok
2021-04-27,55069.6,ok
2021-04-28,54894,ok
2021-04-29,53580,ok
2021-04-30,57798.8,ok
2021-05-01,57859.3,ok
2021-05-02,56625.2,ok
2021-05-03,57212.7,ok
2021-05-04,53241.9,ok
2021-05-05,57515.7,ok
2021-05-06,56440.7,ok
2021-05-07,57380.4,ok
2021-05-08,58958.1,ok
2021-05-09,58312.6,ok
2021-05-10,55866.4,ok
2021-05-11,56753.2,ok
2021-05-12,49498.8,ok
2021-05-13,49690.1,ok
2021-05-14,49893.5,ok
2021-05-15,46775.5,ok
2021-05-16,46450.8,ok
2021-05-17,43580.5,ok
2021-05-18,42857.2,ok
2021-05-19,36731.8,ok
2021-05-20,40623.3,ok
2021-05-21,37340.8,ok
2021-05-22,37476.8,ok
2021-05-23,34758.7,ok
2021-05-24,38878.6,ok
2021-05-25,38361.8,ok
2021-05-26,39293.2,ok
2021-05-27,38556.9,ok
2021-05-28,35680.5,ok
2021-05-29,34627.8,ok
2021-05-30,35669.4,ok
2021-05-31,37279.3,ok
2021-06-01,36685,ok
2021-06-02,37577.9,ok
2021-06-03,39248.6,ok
2021-06-04,36856.5,ok
2021-06-05,35539.5,ok
2021-06-06,35800.5,ok
2021-06-07,33575.9,ok
2021-06-08,33402.1,ok
2021-06-09,37403.9,ok
2021-06-10,36694.1,ok
2021-06-11,37338.4,ok
2021-06-12,35557.3,ok
2021-06-13,39015.2,ok
2021-06-14,40539.5,ok
2021-06-15,40162.4,ok
2021-06-16,38351,ok
2021-06-17,38095.2,ok
2021-06-18,35841.8,ok
2021-06-19,35484.8,ok
2021-06-20,35585.8,ok
2021-06-21,31609.8,ok
2021-06-22,32538.4,ok
2021-06-23,33688.3,ok
2021-06-24,34654.6,ok
2021-06-25,31594.6,ok
2021-06-26,32275.2,ok
2021-06-27,34709.2,ok
2021-06-28,34493.2,ok
2021-06-29,35904.3,ok
2021-06-30,35060,ok
2021-07-01,33516.1,ok
2021-07-02,33805,ok
2021-07-03,34682.2,ok
2021-07-04,35284.1,ok
2021-07-05,33697.8,ok
2021-07-06,34225.7,ok
2021-07-07,33878.6,ok
2021-07-08,32875.9,ok
2021-07-09,33824.3,ok
2021-07-10,33515.3,ok
2021-07-11,34259.2,ok
2021-07-12,33091.1,ok
2021-07-13,32734.1,ok
2021-07-14,32816.4,ok
2021-07-15,31868.7,ok
2021-07-16,31388.1,ok
2021-07-17,31533.9,ok
2021-07-18,31788.2,ok
2021-07-19,30842,ok
2021-07-20,29796.2,ok
2021-07-21,32135.2,ok
2021-07-22,32287.7,ok
2021-07-23,33647.3,ok
2021-07-24,34283,ok
2021-07-25,35428.3,ok
2021-07-26,37262.8,ok
2021-07-27,39470.5,ok
2021-07-28,40035.1,ok
2021-07-29,40039.4,ok
2021-07-30,42237.9,ok
2021-07-31,41495,ok
2021-08-01,39865.4,ok
2021-08-02,39149.6,ok
2021-08-03,38191.4,ok
2021-08-04,39722.4,ok
2021-08-05,40888.7,ok
2021-08-06,42869.6,ok
2021-08-07,44637.3,ok
2021-08-08,43829.1,ok
2021-08-09,46285.5,ok
2021-08-10,45595.7,ok
2021-08-11,45553.5,ok
2021-08-12,44422.1,ok
2021-08-13,47833.6,ok
2021-08-14,47109.7,ok
2021-08-15,47014.5,ok
2021-08-16,45902.5,ok
2021-08-17,44671.6,ok
2021-08-18,44708,ok
2021-08-19,46765.9,ok
2021-08-20,49342.4,ok
2021-08-21,48867,ok
2021-08-22,49284.6,ok
2021-08-23,49506.5,ok
2021-08-24,47682.4,ok
2021-08-25,48987.3,ok
2021-08-26,46851.5,ok
2021-08-27,49077.6,ok
2021-08-28,48942.9,ok
2021-08-29,48802.6,ok
2021-08-30,46993.7,ok
2021-08-31,47112.5,ok
2021-09-01,48839.9,ok
2021-09-02,49279.4,ok
2021-09-03,50025,ok
2021-09-04,49943,ok
2021-09-05,51789.2,ok
2021-09-06,52698.8,ok
2021-09-07,46894.5,ok
2021-09-08,46060.4,ok
2021-09-09,46400,ok
2021-09-10,44851.4,ok
2021-09-11,45171.8,ok
2021-09-12,46024.2,ok
2021-09-13,44947.7,ok
2021-09-14,47127.2,ok
2021-09-15,48148.1,ok
2021-09-16,47753.2,ok
2021-09-17,47303.5,ok
2021-09-18,48314.6,ok
2021-09-19,47255.9,ok
2021-09-20,43013,ok
2021-09-21,40719.6,ok
2021-09-22,43575.1,ok
2021-09-23,44897.6,ok
2021-09-24,42848.9,ok
2021-09-25,42705.5,ok
2021-09-26,43178,ok
2021-09-27,42171.8,ok
2021-09-28,41026.1,ok
2021-09-29,41522.2,ok
2021-09-30,43824.4,ok
2021-10-01,48165.8,ok
2021-10-02,47657.7,ok
2021-10-03,48234,ok
2021-10-04,49245.5,ok
2021-10-05,51494,ok
2021-10-06,55339.5,ok
2021-10-07,53797.8,ok
2021-10-08,53963.8,ok
2021-10-09,54962.3,ok
2021-10-10,54690.5,ok
2021-10-11,57487.4,ok
2021-10-12,56005.1,ok
2021-10-13,57367.3,ok
2021-10-14,57359.5,ok
2021-10-15,61695.4,ok
2021-10-16,60877.4,ok
2021-10-17,61527.1,ok
2021-10-18,62042.4,ok
2021-10-19,64303.1,ok
2021-10-20,66026.5,ok
2021-10-21,62204,ok
2021-10-22,60687.6,ok
2021-10-23,61300,ok
2021-10-24,60854.5,ok
2021-10-25,63083.5,ok
2021-10-26,60337.6,ok
2021-10-27,58455.5,ok
2021-10-28,60591.7,ok
2021-10-29,62276.7,ok
2021-10-30,61892.4,ok
2021-10-31,61343.7,ok
2021-11-01,60949.5,ok
2021-11-02,63266.5,ok
2021-11-03,62935.4,ok
2021-11-04,61444.5,ok
2021-11-05,61006.2,ok
2021-11-06,61539.3,ok
2021-11-07,63309.1,ok
2021-11-08,67554.8,ok
2021-11-09,66944.7,ok
2021-11-10,64912.2,ok
2021-11-11,64807.6,ok
2021-11-12,64147.9,ok
2021-11-13,64400,ok
2021-11-14,65505,ok
2021-11-15,63624.6,ok
2021-11-16,60108,ok
2021-11-17,60351.5,ok
2021-11-18,56898,ok
2021-11-19,58122.2,ok
2021-11-20,59760.8,ok
2021-11-21,58671.2,ok
2021-11-22,56280.8,ok
2021-11-23,57566.8,ok
2021-11-24,57162.7,ok
2021-11-25,58987.3,ok
2021-11-26,53757.7,ok
2021-11-27,54759.1,ok
2021-11-28,57317.2,ok
2021-11-29,57838.1,ok
2021-11-30,56988,ok
2021-12-01,57226.5,ok
2021-12-02,56521.5,ok
2021-12-03,53638,ok
2021-12-04,49241.1,ok
2021-12-05,49484.2,ok
2021-12-06,50529.6,ok
2021-12-07,50625.5,ok
2021-12-08,50519.7,ok
2021-12-09,47568.4,ok
2021-12-10,47170.9,ok
2021-12-11,49407.8,ok
2021-12-12,50089.6,ok
2021-12-13,46727.9,ok
2021-12-14,48367.4,ok
2021-12-15,48884.8,ok
2021-12-16,47634.2,ok
2021-12-17,46166.5,ok
2021-12-18,46859.5,ok
2021-12-19,46687.2,ok
2021-12-20,46926.1,ok
2021-12-21,48914.7,ok
2021-12-22,48608.6,ok
2021-12-23,50842.2,ok
2021-12-24,50851.4,ok
2021-12-25,50428.3,ok
2021-12-26,50801.8,ok
2021-12-27,50717.8,ok
2021-12-28,47543.1,ok
2021-12-29,46471.2,ok
2021-12-30,47122.1,ok
2021-12-31,46211.2,ok
2022-01-01,47733.4,ok
2022-01-02,47299.1,ok
2022-01-03,46459.6,ok
2022-01-04,45814.6,ok
2022-01-05,43436,ok
2022-01-06,43083.8,ok
2022-01-07,41565.2,ok
2022-01-08,41684.8,ok
2022-01-09,41876.5,ok
2022-01-10,41824.1,ok
2022-01-11,42753.4,ok
2022-01-12,43920.4,ok
2022-01-13,42581.7,ok
2022-01-14,43090.7,ok
2022-01-15,43098.2,ok
2022-01-16,43104.3,ok
2022-01-17,42218,ok
2022-01-18,42369.7,ok
2022-01-19,41674.3,ok
2022-01-20,40671,ok
2022-01-21,36456.9,ok
2022-01-22,35066.4,ok
2022-01-23,36282.5,ok
2022-01-24,36693.3,ok
2022-01-25,36980,ok
2022-01-26,36840.6,ok
2022-01-27,37188.4,ok
2022-01-28,37741.9,ok
2022-01-29,38191.1,ok
2022-01-30,37901.3,ok
2022-01-31,38491.9,ok
2022-02-01,38716.9,ok
2022-02-02,36923.4,ok
2022-02-03,37329.9,ok
2022-02-04,41614.6,ok
2022-02-05,41404.8,ok
2022-02-06,42415.2,ok
2022-02-07,43868.1,ok
2022-02-08,44085.6,ok
2022-02-09,44416.3,ok
2022-02-10,43527.7,ok
2022-02-11,42386.5,ok
2022-02-12,42245,ok
2022-02-13,42075,ok
2022-02-14,42548.7,ok
2022-02-15,44583.5,ok
2022-02-16,43895.6,ok
2022-02-17,40536.7,ok
2022-02-18,39983.6,ok
2022-02-19,40101.9,ok
2022-02-20,38389,ok
2022-02-21,37023,ok
2022-02-22,38251.5,ok
2022-02-23,37268.2,ok
2022-02-24,38347.3,ok
2022-02-25,39238.5,ok
2022-02-26,39137.8,ok
2022-02-27,37717.1,ok
2022-02-28,43192.7,ok
2022-03-01,44439.9,ok
2022-03-02,43912.3,ok
2022-03-03,42464.4,ok
2022-03-04,39166.5,ok
2022-03-05,39402.4,ok
2022-03-06,38408.4,ok
2022-03-07,37994,ok
2022-03-08,38749.4,ok
2022-03-09,41954,ok
2022-03-10,39433.7,ok
2022-03-11,38732,ok
2022-03-12,38813,ok
2022-03-13,37793,ok
2022-03-14,39674.2,ok
2022-03-15,39298.1,ok
2022-03-16,41128,ok
2022-03-17,40950.3,ok
2022-03-18,41775,ok
2022-03-19,42232.3,ok
2022-03-20,41287.2,ok
2022-03-21,41017.7,ok
2022-03-22,42378.3,ok
2022-03-23,42899.7,ok
2022-03-24,44012.3,ok
2022-03-25,44331.8,ok
2022-03-26,44539.4,ok
2022-03-27,46850,ok
2022-03-28,47144.9,ok
2022-03-29,47454.2,ok
2022-03-30,47078,ok
2022-03-31,45528.4,ok
2022-04-01,46296.3,ok
2022-04-02,45826.3,ok
2022-04-03,46422.2,ok
2022-04-04,46596.8,ok
2022-04-05,45506.5,ok
2022-04-06,43166.7,ok
2022-04-07,43452.2,ok
2022-04-08,42262,ok
2022-04-09,42766.9,ok
2022-04-10,42166,ok
2022-04-11,39535.9,ok
2022-04-12,40086.2,ok
2022-04-13,41146.7,ok
2022-04-14,39954.1,ok
2022-04-15,40554.6,ok
2022-04-16,40387.6,ok
2022-04-17,39683.5,ok
2022-04-18,40803.6,ok
2022-04-19,41503.8,ok
2022-04-20,41377.6,ok
2022-04-21,40480.8,ok
2022-04-22,39712.2,ok
2022-04-23,39465.9,ok
2022-04-24,39464.6,ok
2022-04-25,40439.2,ok
2022-04-26,38113.8,ok
2022-04-27,39251.1,ok
2022-04-28,39743.2,ok
2022-04-29,38593.1,ok
2022-04-30,37644.1,ok
2022-05-01,38473.1,ok
2022-05-02,38510.9,ok
2022-05-03,37719.6,ok
2022-05-04,39669.6,ok
2022-05-05,36537.2,ok
2022-05-06,35999.1,ok
2022-05-07,35458,ok
2022-05-08,34027.9,ok
2022-05-09,30078.3,ok
2022-05-10,31002.4,ok
2022-05-11,28972.3,ok
2022-05-12,28942,ok
2022-05-13,29232.2,ok
2022-05-14,30041.9,ok
2022-05-15,31290,ok
2022-05-16,29839.9,ok
2022-05-17,30412.1,ok
2022-05-18,28672.9,ok
2022-05-19,30274.6,ok
2022-05-20,29155.8,ok
2022-05-21,29408.3,ok
2022-05-22,30260.9,ok
2022-05-23,29082.5,ok
2022-05-24,29626.4,ok
2022-05-25,29503.5,ok
2022-05-26,29166.1,ok
2022-05-27,28598.3,ok
2022-05-28,29009,ok
2022-05-29,29447.1,ok
2022-05-30,31711.4,ok
2022-05-31,31784,ok
2022-06-01,29788.8,ok
2022-06-02,30433.8,ok
2022-06-03,29670.8,ok
2022-06-04,29843.2,ok
2022-06-05,29901.5,ok
2022-06-06,31343.6,ok
2022-06-07,31106.9,ok
2022-06-08,30177,ok
2022-06-09,30079.6,ok
2022-06-10,29063.1,ok
2022-06-11,28388.6,ok
2022-06-12,26555.2,ok
2022-06-13,22461,ok
2022-06-14,22120.2,ok
2022-06-15,22562.3,ok
2022-06-16,20372,ok
2022-06-17,20447.9,ok
2022-06-18,18948.9,ok
2022-06-19,20552.4,ok
2022-06-20,20549.8,ok
2022-06-21,20697,ok
2022-06-22,19968.5,ok
2022-06-23,21104.5,ok
2022-06-24,21223.7,ok
2022-06-25,21478,ok
2022-06-26,21027.9,ok
2022-06-27,20725.2,ok
2022-06-28,20252.9,ok
2022-06-29,20094.8,ok
2022-06-30,19985.6,ok
2022-07-01,19252.8,ok
2022-07-02,19224,ok
2022-07-03,19291.3,ok
2022-07-04,20211.3,ok
2022-07-05,20153.5,ok
2022-07-06,20542.7,ok
2022-07-07,21614.6,ok
2022-07-08,21582.2,ok
2022-07-09,21584,ok
2022-07-10,20850.7,ok
2022-07-11,19942.4,ok
2022-07-12,19303.7,ok
2022-07-13,20220.2,ok
2022-07-14,20577,ok
2022-07-15,20827.5,ok
2022-07-16,21189.7,ok
2022-07-17,20791.7,ok
2022-07-18,22427.6,ok
2022-07-19,23395.1,ok
2022-07-20,23227,ok
2022-07-21,23154,ok
2022-07-22,22687.7,ok
2022-07-23,22450.7,ok
2022-07-24,22583.4,ok
2022-07-25,21313.4,ok
2022-07-26,21261.6,ok
2022-07-27,22962.6,ok
2022-07-28,23851.7,ok
2022-07-29,23784.5,ok
2022-07-30,23650.1,ok
2022-07-31,23307.4,ok
2022-08-01,23273.9,ok
2022-08-02,22989.4,ok
2022-08-03,22825,ok
2022-08-04,22623.9,ok
2022-08-05,23320.8,ok
2022-08-06,22960.9,ok
2022-08-07,23177.4,ok
2022-08-08,23815.7,ok
2022-08-09,23158.3,ok
2022-08-10,23962.2,ok
2022-08-11,23944.9,ok
2022-08-12,24415.2,ok
2022-08-13,24456.5,ok
2022-08-14,24316.7,ok
2022-08-15,24097.8,ok
2022-08-16,23857.9,ok
2022-08-17,23341.2,ok
2022-08-18,23189.5,ok
2022-08-19,20834.9,ok
2022-08-20,21139.2,ok
2022-08-21,21518.6,ok
2022-08-22,21398.2,ok
2022-08-23,21528.3,ok
2022-08-24,21367.1,ok
2022-08-25,21561.9,ok
2022-08-26,20240.7,ok
2022-08-27,20036.7,ok
2022-08-28,19554,ok
2022-08-29,20287,ok
2022-08-30,19813.2,ok
2022-08-31,20048.3,ok
2022-09-01,20133.7,ok
2022-09-02,19953.7,ok
2022-09-03,19835.5,ok
2022-09-04,20004.7,ok
2022-09-05,19794.6,ok
2022-09-06,18790.9,ok
2022-09-07,19293.5,ok
2022-09-08,19321.9,ok
2022-09-09,21364.5,ok
2022-09-10,21651.5,ok
2022-09-11,21831.7,ok
2022-09-12,22402.7,ok
2022-09-13,20174.8,ok
2022-09-14,20227.8,ok
2022-09-15,19703.7,ok
2022-09-16,19801,ok
2022-09-17,20113.4,ok
2022-09-18,19417.6,ok
2022-09-19,19540.4,ok
2022-09-20,18876.9,ok
2022-09-21,18462.6,ok
2022-09-22,19401.2,ok
2022-09-23,19286,ok
2022-09-24,18923.2,ok
2022-09-25,18808.6,ok
2022-09-26,19228,ok
2022-09-27,19077.6,ok
2022-09-28,19412.1,ok
2022-09-29,19595.6,ok
2022-09-30,19426.1,ok
2022-10-01,19315.3,ok
2022-10-02,19059.2,ok
2022-10-03,19633.5,ok
2022-10-04,20345.2,ok
2022-10-05,20161.6,ok
2022-10-06,19965.6,ok
2022-10-07,19533,ok
2022-10-08,19419.4,ok
2022-10-09,19443.5,ok
2022-10-10,19132.8,ok
2022-10-11,19058.1,ok
2022-10-12,19155.9,ok
2022-10-13,19378.7,ok
2022-10-14,19178,ok
2022-10-15,19070.2,ok
2022-10-16,19264.4,ok
2022-10-17,19550.4,ok
2022-10-18,19328.8,ok
2022-10-19,19124.2,ok
2022-10-20,19042.5,ok
2022-10-21,19166.5,ok
2022-10-22,19209.1,ok
2022-10-23,19572.4,ok
2022-10-24,19330.4,ok
2022-10-25,20086.3,ok
2022-10-26,20775.4,ok
2022-10-27,20297,ok
2022-10-28,20597.9,ok
2022-10-29,20823.5,ok
2022-10-30,20630.7,ok
2022-10-31,20489.9,ok
2022-11-01,20479.6,ok
2022-11-02,20151.4,ok
2022-11-03,20206.9,ok
2022-11-04,21144.2,ok
2022-11-05,21300.5,ok
2022-11-06,20909.2,ok
2022-11-07,20593.5,ok
2022-11-08,18550.2,ok
2022-11-09,15892,ok
2022-11-10,17553.9,ok
2022-11-11,17013.6,ok
2022-11-12,16783.3,ok
2022-11-13,16301.4,ok
2022-11-14,16590.7,ok
2022-11-15,16877.9,ok
2022-11-16,16645.2,ok
2022-11-17,16680.5,ok
2022-11-18,16680.6,ok
2022-11-19,16683,ok
2022-11-20,16252.5,ok
2022-11-21,15760.1,ok
2022-11-22,16199.7,ok
2022-11-23,16587,ok
2022-11-24,16587.6,ok
2022-11-25,16510.9,ok
2022-11-26,16450.9,ok
2022-11-27,16419.9,ok
2022-11-28,16206.3,ok
2022-11-29,16438,ok
2022-11-30,17167.3,ok
2022-12-01,16980.1,ok
2022-12-02,17094.7,ok
2022-12-03,16888.5,ok
2022-12-04,17108.9,ok
2022-12-05,16966,ok
2022-12-06,17089,ok
2022-12-07,16840,ok
2022-12-08,17226,ok
2022-12-09,17130.6,ok
2022-12-10,17128.1,ok
2022-12-11,17085.2,ok
2022-12-12,17211.7,ok
2022-12-13,17773.2,ok
2022-12-14,17805,ok
2022-12-15,17358,ok
2022-12-16,16632.6,ok
2022-12-17,16782.2,ok
2022-12-18,16741.2,ok
2022-12-19,16439.7,ok
2022-12-20,16897.7,ok
2022-12-21,16826.6,ok
2022-12-22,16815.5,ok
2022-12-23,16777.2,ok
2022-12-24,16837.1,ok
2022-12-25,16829,ok
2022-12-26,16918,ok
2022-12-27,16698.7,ok
2022-12-28,16539.7,ok
2022-12-29,16627.5,ok
2022-12-30,16600.1,ok
2022-12-31,16530.3,ok
2023-01-01,16611.6,ok
2023-01-02,16667,ok
2023-01-03,16669.5,ok
2023-01-04,16844.4,ok
2023-01-05,16825.7,ok
2023-01-06,16948.1,ok
2023-01-07,16942.4,ok
2023-01-08,17125.2,ok
2023-01-09,17178,ok
2023-01-10,17443.5,ok
2023-01-11,17944.3,ok
2023-01-12,18847.8,ok
2023-01-13,19934.9,ok
2023-01-14,20957,ok
2023-01-15,20879.7,ok
2023-01-16,21187.5,ok
2023-01-17,21136.3,ok
2023-01-18,20674.3,ok
2023-01-19,21084.2,ok
2023-01-20,22669.8,ok
2023-01-21,22789.4,ok
2023-01-22,22714.9,ok
2023-01-23,22920.3,ok
2023-01-24,22636.2,ok
2023-01-25,23062.4,ok
2023-01-26,23010.5,ok
2023-01-27,23084.4,ok
2023-01-28,23029,ok
2023-01-29,23745.8,ok
2023-01-30,22836,ok
2023-01-31,23128.9,ok
2023-02-01,23736,ok
2023-02-02,23493.8,ok
2023-02-03,23433.5,ok
2023-02-04,23328.9,ok
2023-02-05,22936.3,ok
2023-02-06,22764.1,ok
2023-02-07,23244.7,ok
2023-02-08,22964.4,ok
2023-02-09,21800.6,ok
2023-02-10,21629,ok
2023-02-11,21863.7,ok
2023-02-12,21789.8,ok
2023-02-13,21789.1,ok
2023-02-14,22206.3,ok
2023-02-15,24329,ok
2023-02-16,23516.2,ok
2023-02-17,24577.6,ok
2023-02-18,24636.2,ok
2023-02-19,24281.3,ok
2023-02-20,24845,ok
2023-02-21,24454.4,ok
2023-02-22,24184.4,ok
2023-02-23,23943.3,ok
2023-02-24,23186.9,ok
2023-02-25,23159.7,ok
2023-02-26,23556.8,ok
2023-02-27,23489.5,ok
2023-02-28,23145.3,ok
2023-03-01,23631.5,ok
2023-03-02,23468.2,ok
2023-03-03,22358.2,ok
2023-03-04,22351,ok
2023-03-05,22432.7,ok
2023-03-06,22410.3,ok
2023-03-07,22198.5,ok
2023-03-08,21698.4,ok
2023-03-09,20367,ok
2023-03-10,20230.1,ok
2023-03-11,20620.5,ok
2023-03-12,22219.1,ok
2023-03-13,24220,ok
2023-03-14,24762.7,ok
2023-03-15,24377.2,ok
2023-03-16,25051.8,ok
2023-03-17,27453.6,ok
2023-03-18,26980.3,ok
2023-03-19,28054.5,ok
2023-03-20,27823.3,ok
2023-03-21,28207.3,ok
2023-03-22,27325.2,ok
2023-03-23,28352.9,ok
2023-03-24,27489.2,ok
2023-03-25,27488.2,ok
2023-03-26,27992.9,ok
2023-03-27,27142.9,ok
2023-03-28,27274.2,ok
2023-03-29,28359.5,ok
2023-03-30,28035.5,ok
2023-03-31,28474.4,ok
2023-04-01,28471.5,ok
2023-04-02,28188.3,ok
2023-04-03,27811.8,ok
2023-04-04,28179.6,ok
2023-04-05,28175.4,ok
2023-04-06,28053.5,ok
2023-04-07,27931.9,ok
2023-04-08,27958.8,ok
2023-04-09,28341,ok
2023-04-10,29660.4,ok
2023-04-11,30227.2,ok
2023-04-12,29912.2,ok
2023-04-13,30406.8,ok
2023-04-14,30492.9,ok
2023-04-15,30324.1,ok
2023-04-16,30326.1,ok
2023-04-17,29449.9,ok
2023-04-18,30393.4,ok
2023-04-19,28809.7,ok
2023-04-20,28248.2,ok
2023-04-21,27253.8,ok
2023-04-22,27821.4,ok
2023-04-23,27593,ok
2023-04-24,27515,ok
2023-04-25,28304.4,ok
2023-04-26,28426.1,ok
2023-04-27,29483.7,ok
2023-04-28,29338.6,ok
2023-04-29,29249.3,ok
2023-04-30,29247.1,ok
2023-05-01,28077.3,ok
2023-05-02,28684.4,ok
2023-05-03,29038.8,ok
2023-05-04,28857.2,ok
2023-05-05,29536.8,ok
2023-05-06,28902.7,ok
2023-05-07,28474.5,ok
2023-05-08,27695.1,ok
2023-05-09,27647.3,ok
2023-05-10,27624,ok
2023-05-11,26986.6,ok
2023-05-12,26808.8,ok
2023-05-13,26789.5,ok
2023-05-14,26930,ok
2023-05-15,27171.1,ok
2023-05-16,27037.7,ok
2023-05-17,27407.8,ok
2023-05-18,26820.5,ok
2023-05-19,26890.3,ok
2023-05-20,27113.6,ok
2023-05-21,26752.7,ok
2023-05-22,26854.7,ok
2023-05-23,27223.2,ok
2023-05-24,26321.4,ok
2023-05-25,26479.1,ok
2023-05-26,26714.9,ok
2023-05-27,26868,ok
2023-05-28,28070,ok
2023-05-29,27744.8,ok
2023-05-30,27700.2,ok
2023-05-31,27223.1,ok
2023-06-01,26828.4,ok
2023-06-02,27250.7,ok
2023-06-03,27077.6,ok
2023-06-04,27122,ok
2023-06-05,25741.5,ok
2023-06-06,27243.6,ok
2023-06-07,26346.4,ok
2023-06-08,26508.3,ok
2023-06-09,26482.8,ok
2023-06-10,25856.1,ok
2023-06-11,25937,ok
2023-06-12,25905.8,ok
2023-06-13,25930.2,ok
2023-06-14,25123.3,ok
2023-06-15,25570,ok
2023-06-16,26329.6,ok
2023-06-17,26506.6,ok
2023-06-18,26336.5,ok
2023-06-19,26837.8,ok
2023-06-20,28320.4,ok
2023-06-21,29995.1,ok
2023-06-22,29886.3,ok
2023-06-23,30707.6,ok
2023-06-24,30547.2,ok
2023-06-25,30480.2,ok
2023-06-26,30272.2,ok
2023-06-27,30697.4,ok
2023-06-28,30074.9,ok
2023-06-29,30446.5,ok
2023-06-30,30466.7,ok
2023-07-01,30587.2,ok
2023-07-02,30613.5,ok
2023-07-03,31161.8,ok
2023-07-04,30771.2,ok
2023-07-05,30499.3,ok
2023-07-06,29899.4,ok
2023-07-07,30352.1,ok
2023-07-08,30291.7,ok
2023-07-09,30168.4,ok
2023-07-10,30419.9,ok
2023-07-11,30626.5,ok
2023-07-12,30381.8,ok
2023-07-13,31471.8,ok
2023-07-14,30330.5,ok
2023-07-15,30301.7,ok
2023-07-16,30247.6,ok
2023-07-17,30143.1,ok
2023-07-18,29861.9,ok
2023-07-19,29916.7,ok
2023-07-20,29809.1,ok
2023-07-21,29908,ok
2023-07-22,29795,ok
2023-07-23,30081.6,ok
2023-07-24,29177,ok
2023-07-25,29225.1,ok
2023-07-26,29353.2,ok
2023-07-27,29214.9,ok
2023-07-28,29316.2,ok
2023-07-29,29355.7,ok
2023-07-30,29281.4,ok
2023-07-31,29230.7,ok
2023-08-01,29697.3,ok
2023-08-02,29164.2,ok
2023-08-03,29174.2,ok
2023-08-04,29076.5,ok
2023-08-05,29047.1,ok
2023-08-06,29040,ok
2023-08-07,29179.2,ok
2023-08-08,29770,ok
2023-08-09,29562.8,ok
2023-08-10,29424,ok
2023-08-11,29400.5,ok
2023-08-12,29417,ok
2023-08-13,29275.9,ok
2023-08-14,29405.5,ok
2023-08-15,29170.1,ok
2023-08-16,28700.5,ok
2023-08-17,26627.6,ok
2023-08-18,26048.9,ok
2023-08-19,26096.4,ok
2023-08-20,26189.1,ok
2023-08-21,26125.2,ok
2023-08-22,26042.1,ok
2023-08-23,26427.5,ok
2023-08-24,26163.5,ok
2023-08-25,26049.4,ok
2023-08-26,26009.6,ok
2023-08-27,26091.2,ok
2023-08-28,26101,ok
2023-08-29,27718,ok
2023-08-30,27306.1,ok
2023-08-31,25932.5,ok
2023-09-01,25794.9,ok
2023-09-02,25867.8,ok
2023-09-03,25969.8,ok
2023-09-04,25816.1,ok
2023-09-05,25783.9,ok
2023-09-06,25747.6,ok
2023-09-07,26276.3,ok
2023-09-08,25906.3,ok
2023-09-09,25897.8,ok
2023-09-10,25831.8,ok
2023-09-11,25152.1,ok
2023-09-12,25840.6,ok
2023-09-13,26226.7,ok
2023-09-14,26532.8,ok
2023-09-15,26602.4,ok
2023-09-16,26569.7,ok
2023-09-17,26531,ok
2023-09-18,26764.5,ok
2023-09-19,27216.1,ok
2023-09-20,27123.9,ok
2023-09-21,26564.5,ok
2023-09-22,26578.4,ok
2023-09-23,26579.6,ok
2023-09-24,26250.2,ok
2023-09-25,26296.1,ok
2023-09-26,26208.4,ok
2023-09-27,26357.6,ok
2023-09-28,27027.1,ok
2023-09-29,26907,ok
2023-09-30,26961,ok
2023-10-01,27995.5,ok
2023-10-02,27504,ok
2023-10-03,27429,ok
2023-10-04,27786.8,ok
2023-10-05,27413,ok
2023-10-06,27945.2,ok
2023-10-07,27976.4,ok
2023-10-08,27933.5,ok
2023-10-09,27596.7,ok
2023-10-10,27393.3,ok
2023-10-11,26869.2,ok
2023-10-12,26750.5,ok
2023-10-13,26863.5,ok
2023-10-14,26851.7,ok
2023-10-15,27186.1,ok
2023-10-16,28520.2,ok
2023-10-17,28408.8,ok
2023-10-18,28326.5,ok
2023-10-19,28735.3,ok
2023-10-20,29684.7,ok
2023-10-21,29924.8,ok
2023-10-22,30004.2,ok
2023-10-23,33087.6,ok
2023-10-24,33922.5,ok
2023-10-25,34506.3,ok
2023-10-26,34154.7,ok
2023-10-27,33906.1,ok
2023-10-28,34085.4,ok
2023-10-29,34534.5,ok
2023-10-30,34493.8,ok
2023-10-31,34656.4,ok
2023-11-01,35440.1,ok
2023-11-02,34950,ok
2023-11-03,34731.3,ok
2023-11-04,35087,ok
2023-11-05,35035.4,ok
2023-11-06,35059.5,ok
2023-11-07,35416.3,ok
2023-11-08,35639.1,ok
2023-11-09,36706.6,ok
2023-11-10,37324.8,ok
2023-11-11,37139.1,ok
2023-11-12,37086,ok
2023-11-13,36475.7,ok
2023-11-14,35554.1,ok
2023-11-15,37885.3,ok
2023-11-16,36161.2,ok
2023-11-17,36630.4,ok
2023-11-18,36594.9,ok
2023-11-19,37391.2,ok
2023-11-20,37475.6,ok
2023-11-21,35751.9,ok
2023-11-22,37424.3,ok
2023-11-23,37304.1,ok
2023-11-24,37745.8,ok
2023-11-25,37806,ok
2023-11-26,37462.8,ok
2023-11-27,37241.6,ok
2023-11-28,37838.3,ok
2023-11-29,37863.8,ok
2023-11-30,37732.3,ok
2023-12-01,38703.5,ok
2023-12-02,39478.9,ok
2023-12-03,39984.8,ok
2023-12-04,41987.2,ok
2023-12-05,44084.4,ok
2023-12-06,43764.1,ok
2023-12-07,43280.9,ok
2023-12-08,44192.9,ok
2023-12-09,43723.2,ok
2023-12-10,43793.7,ok
2023-12-11,41229.6,ok
2023-12-12,41477.4,ok
2023-12-13,42885.5,ok
2023-12-14,43027.8,ok
2023-12-15,41933.9,ok
2023-12-16,42237.3,ok
2023-12-17,41349.6,ok
2023-12-18,42650,ok
2023-12-19,42266.2,ok
2023-12-20,43674.8,ok
2023-12-21,43875.3,ok
2023-12-22,44013.7,ok
2023-12-23,43726.3,ok
2023-12-24,43025,ok
2023-12-25,43589.7,ok
2023-12-26,42515.5,ok
2023-12-27,43474.4,ok
2023-12-28,42581.2,ok
2023-12-29,42063.4,ok
2023-12-30,42141,ok
2023-12-31,42288.1,ok
2024-01-01,44220.8,ok
2024-01-02,44972.8,ok
2024-01-03,42862.4,ok
2024-01-04,44193.3,ok
2024-01-05,44186.6,ok
2024-01-06,43992.4,ok
2024-01-07,43950.3,ok
2024-01-08,46995.1,ok
2024-01-09,46124.1,ok
2024-01-10,46666.1,ok
2024-01-11,46342.7,ok
2024-01-12,42773,ok
2024-01-13,42839.3,ok
2024-01-14,41697.3,ok
2024-01-15,42490.2,ok
2024-01-16,43130.4,ok
2024-01-17,42739.5,ok
2024-01-18,41293.5,ok
2024-01-19,41624.1,ok
2024-01-20,41666.7,ok
2024-01-21,41554.1,ok
2024-01-22,39524.3,ok
2024-01-23,39878.3,ok
2024-01-24,40077.8,ok
2024-01-25,39941.7,ok
2024-01-26,41814.8,ok
2024-01-27,42126.6,ok
2024-01-28,42034.6,ok
2024-01-29,43306.2,ok
2024-01-30,42942.8,ok
2024-01-31,42548.1,ok
2024-02-01,43078.8,ok
2024-02-02,43181.7,ok
2024-02-03,43010.7,ok
2024-02-04,42568.6,ok
2024-02-05,42657.7,ok
2024-02-06,43095.8,ok
2024-02-07,44343.6,ok
2024-02-08,45305.2,ok
2024-02-09,47160.4,ok
2024-02-10,47767.1,ok
2024-02-11,48316.3,ok
2024-02-12,49941.8,ok
2024-02-13,49725.4,ok
2024-02-14,51858.6,ok
2024-02-15,51934.3,ok
2024-02-16,52162.6,ok
2024-02-17,51666.2,ok
2024-02-18,52153.6,ok
2024-02-19,51787.1,ok
2024-02-20,52277.5,ok
2024-02-21,51851.7,ok
2024-02-22,51258.7,ok
2024-02-23,50747.1,ok
2024-02-24,51570.7,ok
2024-02-25,51731,ok
2024-02-26,54533.5,ok
2024-02-27,57077.1,ok
2024-02-28,62518.9,ok
2024-02-29,61179,ok
2024-03-01,62436.7,ok
2024-03-02,62045.8,ok
2024-03-03,63154.5,ok
2024-03-04,68360.1,ok
2024-03-05,63800.8,ok
2024-03-06,66122.3,ok
2024-03-07,66938.2,ok
2024-03-08,68289.2,ok
2024-03-09,68480,ok
2024-03-10,69032.1,ok
2024-03-11,72111,ok
2024-03-12,71475.9,ok
2024-03-13,73135,ok
2024-03-14,71364.6,ok
2024-03-15,69506.9,ok
2024-03-16,65254.2,ok
2024-03-17,68343.6,ok
2024-03-18,67613,ok
2024-03-19,61906.3,ok
2024-03-20,67858.8,ok
2024-03-21,65484.7,ok
2024-03-22,63814.6,ok
2024-03-23,63998.9,ok
2024-03-24,67204.9,ok
2024-03-25,69890.3,ok
2024-03-26,69992.4,ok
2024-03-27,69436,ok
2024-03-28,70801.2,ok
2024-03-29,69903.8,ok
2024-03-30,69626.9,ok
2024-03-31,71288.9,ok
2024-04-01,69681.8,ok
2024-04-02,65464.1,ok
2024-04-03,65987.9,ok
2024-04-04,68525.2,ok
2024-04-05,67856.5,ok
2024-04-06,68919.9,ok
2024-04-07,69350.3,ok
2024-04-08,71622.5,ok
2024-04-09,69117,ok
2024-04-10,70634,ok
2024-04-11,70020.7,ok
2024-04-12,67148.6,ok
2024-04-13,64024.8,ok
2024-04-14,65777.1,ok
2024-04-15,63452.2,ok
2024-04-16,63814.9,ok
2024-04-17,61279.4,ok
2024-04-18,63513.8,ok
2024-04-19,63848.4,ok
2024-04-20,64968.9,ok
2024-04-21,64952.9,ok
2024-04-22,66859.2,ok
2024-04-23,66414.2,ok
2024-04-24,64255.8,ok
2024-04-25,64484.4,ok
2024-04-26,63742.4,ok
2024-04-27,63422,ok
2024-04-28,63108.9,ok
2024-04-29,63844.8,ok
2024-04-30,60622.1,ok
2024-05-01,58265.6,ok
2024-05-02,59071.9,ok
2024-05-03,62913,ok
2024-05-04,63902.9,ok
2024-05-05,64023.4,ok
2024-05-06,63162.2,ok
2024-05-07,62315.8,ok
2024-05-08,61169.5,ok
2024-05-09,63073.6,ok
2024-05-10,60787.5,ok
2024-05-11,60814.6,ok
2024-05-12,61453,ok
2024-05-13,62932.4,ok
2024-05-14,61539.8,ok
2024-05-15,66244.7,ok
2024-05-16,65252.2,ok
2024-05-17,67046.3,ok
2024-05-18,66923.9,ok
2024-05-19,66261.6,ok
2024-05-20,71432.2,ok
2024-05-21,70142.8,ok
2024-05-22,69109.9,ok
2024-05-23,67940.4,ok
2024-05-24,68547.8,ok
2024-05-25,69289.7,ok
2024-05-26,68473.7,ok
2024-05-27,69368.7,ok
2024-05-28,68322,ok
2024-05-29,67569.4,ok
2024-05-30,68338.6,ok
2024-05-31,67472.4,ok
2024-06-01,67719.3,ok
2024-06-02,67735.5,ok
2024-06-03,68791,ok
2024-06-04,70542.3,ok
2024-06-05,71121.1,ok
2024-06-06,70773.6,ok
2024-06-07,69324.5,ok
2024-06-08,69304.1,ok
2024-06-09,69637.9,ok
2024-06-10,69497.7,ok
2024-06-11,67316.5,ok
2024-06-12,68248.6,ok
2024-06-13,66738.9,ok
2024-06-14,66004.4,ok
2024-06-15,66192,ok
2024-06-16,66628.8,ok
2024-06-17,66481.8,ok
2024-06-18,65152.8,ok
2024-06-19,64943.8,ok
2024-06-20,64840.9,ok
2024-06-21,64120.3,ok
2024-06-22,64235,ok
2024-06-23,63171.4,ok
2024-06-24,60263,ok
2024-06-25,61789.7,ok
2024-06-26,60816.7,ok
2024-06-27,61615.4,ok
2024-06-28,60313.3,ok
2024-06-29,60885.7,ok
2024-06-30,62668.3,ok
2024-07-01,62830.1,ok
2024-07-02,62040.2,ok
2024-07-03,60145,ok
2024-07-04,57042.1,ok
2024-07-05,56639.4,ok
2024-07-06,58244.8,ok
2024-07-07,55854.1,ok
2024-07-08,56699.4,ok
2024-07-09,58047.9,ok
2024-07-10,57712.6,ok
2024-07-11,57340.8,ok
2024-07-12,57909,ok
2024-07-13,59224.6,ok
2024-07-14,60808.4,ok
2024-07-15,64757.2,ok
2024-07-16,65089,ok
2024-07-17,64085.8,ok
2024-07-18,63982.9,ok
2024-07-19,66707.6,ok
2024-07-20,67163.8,ok
2024-07-21,68181.3,ok
2024-07-22,67558.2,ok
2024-07-23,65939.2,ok
2024-07-24,65366.4,ok
2024-07-25,65795.4,ok
2024-07-26,67924.1,ok
2024-07-27,67899.4,ok
2024-07-28,68244.3,ok
2024-07-29,66771.4,ok
2024-07-30,66169.7,ok
2024-07-31,64609.6,ok
2024-08-01,65288.2,ok
2024-08-02,61418.1,ok
2024-08-03,60674.9,ok
2024-08-04,58130.9,ok
2024-08-05,54029.1,ok
2024-08-06,56048.1,ok
2024-08-07,55148.1,ok
2024-08-08,61705.6,ok
2024-08-09,60862.1,ok
2024-08-10,60935,ok
2024-08-11,58722.5,ok
2024-08-12,59358.8,ok
2024-08-13,60603.2,ok
2024-08-14,58690.6,ok
2024-08-15,57543.6,ok
2024-08-16,58889,ok
2024-08-17,59497.5,ok
2024-08-18,58437.9,ok
2024-08-19,59452.7,ok
2024-08-20,59017.6,ok
2024-08-21,61163.3,ok
2024-08-22,60383.3,ok
2024-08-23,64086.7,ok
2024-08-24,64179.6,ok
2024-08-25,64251.9,ok
2024-08-26,62840,ok
2024-08-27,59439.6,ok
2024-08-28,59045.9,ok
2024-08-29,59364.5,ok
2024-08-30,59112.8,ok
2024-08-31,58968.4,ok
2024-09-01,57299,ok
2024-09-02,59139.8,ok
2024-09-03,57468.8,ok
2024-09-04,57971,ok
2024-09-05,56156.8,ok
2024-09-06,53950,ok
2024-09-07,54156.3,ok
2024-09-08,54881.1,ok
2024-09-09,57053.9,ok
2024-09-10,57645.6,ok
2024-09-11,57352.8,ok
2024-09-12,58137.5,ok
2024-09-13,60543.3,ok
2024-09-14,60012.3,ok
2024-09-15,59122.3,ok
2024-09-16,58208.8,ok
2024-09-17,60312.6,ok
2024-09-18,61769.2,ok
2024-09-19,62960.1,ok
2024-09-20,63210.7,ok
2024-09-21,63362.7,ok
2024-09-22,63577.7,ok
2024-09-23,63338.9,ok
2024-09-24,64272.9,ok
2024-09-25,63130.9,ok
2024-09-26,65177.2,ok
2024-09-27,65789,ok
2024-09-28,65859,ok
2024-09-29,65600,ok
2024-09-30,63301.2,ok
2024-10-01,60790,ok
2024-10-02,60631.4,ok
2024-10-03,60745,ok
2024-10-04,62090.7,ok
2024-10-05,62051.3,ok
2024-10-06,62810.9,ok
2024-10-07,62200.3,ok
2024-10-08,62122,ok
2024-10-09,60578.3,ok
2024-10-10,60279.5,ok
2024-10-11,62518.8,ok
2024-10-12,63187.5,ok
2024-10-13,62845.3,ok
2024-10-14,66065.6,ok
2024-10-15,67056.6,ok
2024-10-16,67608.4,ok
2024-10-17,67402.3,ok
2024-10-18,68426.1,ok
2024-10-19,68363.7,ok
2024-10-20,69014.9,ok
2024-10-21,67346.1,ok
2024-10-22,67380.1,ok
2024-10-23,66601.1,ok
2024-10-24,68156.8,ok
2024-10-25,66564.5,ok
2024-10-26,67012.6,ok
2024-10-27,67943.2,ok
2024-10-28,69924.5,ok
2024-10-29,72724.4,ok
2024-10-30,72322.9,ok
2024-10-31,70197.8,ok
2024-11-01,69467.3,ok
2024-11-02,69358.9,ok
2024-11-03,68738.2,ok
2024-11-04,67807.5,ok
2024-11-05,69380.7,ok
2024-11-06,75646.6,ok
2024-11-07,75920,ok
2024-11-08,76566.7,ok
2024-11-09,76716.1,ok
2024-11-10,80428.9,ok
2024-11-11,88770.7,ok
2024-11-12,88035.4,ok
2024-11-13,90493.8,ok
2024-11-14,87340.4,ok
2024-11-15,91058.4,ok
2024-11-16,90636.2,ok
2024-11-17,89886.7,ok
2024-11-18,90520.3,ok
2024-11-19,92435.9,ok
2024-11-20,94393.1,ok
2024-11-21,98439.1,ok
2024-11-22,99024,ok
2024-11-23,97778.8,ok
2024-11-24,98028.2,ok
2024-11-25,93000,ok
2024-11-26,91929.5,ok
2024-11-27,95951.2,ok
2024-11-28,95665.5,ok
2024-11-29,97490.6,ok
2024-11-30,96465.4,ok
2024-12-01,97263.2,ok
2024-12-02,95862.9,ok
2024-12-03,95924.5,ok
2024-12-04,98746.2,ok
2024-12-05,97044.2,ok
2024-12-06,99891.4,ok
2024-12-07,99929.3,ok
2024-12-08,101175,ok
2024-12-09,97324.8,ok
2024-12-10,96660.8,ok
2024-12-11,101202,ok
2024-12-12,100030,ok
2024-12-13,101429,ok
2024-12-14,101400,ok
2024-12-15,104448,ok
2024-12-16,106100,ok
2024-12-17,106137,ok
2024-12-18,100151,ok
2024-12-19,97372.2,ok
2024-12-20,97765,ok
2024-12-21,97230.1,ok
2024-12-22,95087.8,ok
2024-12-23,94764.6,ok
2024-12-24,98594.5,ok
2024-12-25,99346.3,ok
2024-12-26,95669.5,ok
2024-12-27,94171.9,ok
2024-12-28,95130.8,ok
2024-12-29,93563.4,ok
2024-12-30,92620.7,ok
2024-12-31,93354.2,ok
2025-01-01,94383.6,ok
2025-01-02,96903.2,ok
2025-01-03,98136.5,ok
2025-01-04,98209.9,ok
2025-01-05,98345.3,ok
2025-01-06,102279,ok
2025-01-07,96942,ok
2025-01-08,95036.6,ok
2025-01-09,92547.4,ok
2025-01-10,94701.2,ok
2025-01-11,94565,ok
2025-01-12,94509.6,ok
2025-01-13,94506.4,ok
2025-01-14,96535,ok
2025-01-15,100510,ok
2025-01-16,99981.8,ok
2025-01-17,104107,ok
2025-01-18,104435,ok
2025-01-19,101211,ok
2025-01-20,102145,ok
2025-01-21,106159,ok
2025-01-22,103667,ok
2025-01-23,103926,ok
2025-01-24,104850,ok
2025-01-25,104734,ok
2025-01-26,102563,ok
2025-01-27,102062,ok
2025-01-28,101290,ok
2025-01-29,103747,ok
2025-01-30,104743,ok
2025-01-31,102411,ok
2025-02-01,100624,ok
2025-02-02,97676.5,ok
2025-02-03,101460,ok
2025-02-04,97795.1,ok
2025-02-05,96638.3,ok
2025-02-06,96564.6,ok
2025-02-07,96537.1,ok
2025-02-08,96476.2,ok
2025-02-09,96475.8,ok
2025-02-10,97444.4,ok
2025-02-11,95774.1,ok
2025-02-12,97862.5,ok
2025-02-13,96625.3,ok
2025-02-14,97509,ok
2025-02-15,97596.9,ok
2025-02-16,96119.9,ok
2025-02-17,95781.8,ok
2025-02-18,95607.4,ok
2025-02-19,96632,ok
2025-02-20,98347.2,ok
2025-02-21,96157,ok
2025-02-22,96582.1,ok
2025-02-23,96266,ok
2025-02-24,91510.8,ok
2025-02-25,88583.7,ok
2025-02-26,84111.8,ok
2025-02-27,84625.2,ok
2025-02-28,84297.7,ok
2025-03-01,86018.8,ok
2025-03-02,94265.5,ok
2025-03-03,86161.1,ok
2025-03-04,87250,ok
2025-03-05,90603.7,ok
2025-03-06,89921.9,ok
2025-03-07,86757,ok
2025-03-08,86206.7,ok
2025-03-09,80699.2,ok
2025-03-10,78544.7,ok
2025-03-11,82914.5,ok
2025-03-12,83659.4,ok
2025-03-13,81073.4,ok
2025-03-14,83980.5,ok
2025-03-15,84351.5,ok
2025-03-16,82562.6,ok
2025-03-17,84011.4,ok
2025-03-18,82698.8,ok
2025-03-19,86878,ok
2025-03-20,84183.4,ok
2025-03-21,84062,ok
2025-03-22,83852,ok
2025-03-23,86092.9,ok
2025-03-24,87523.6,ok
2025-03-25,87427.9,ok
2025-03-26,86926,ok
2025-03-27,87217.5,ok
2025-03-28,84381.8,ok
2025-03-29,82616.8,ok
2025-03-30,82380,ok
2025-03-31,82534.3,ok
2025-04-01,85170.4,ok
2025-04-02,82490.1,ok
2025-04-03,83174.3,ok
2025-04-04,83860.2,ok
2025-04-05,83498.2,ok
2025-04-06,78370.8,ok
2025-04-07,79140,ok
2025-04-08,76251.6,ok
2025-04-09,82594.8,ok
2025-04-10,79552.3,ok
2025-04-11,83380.5,ok
2025-04-12,85271,ok
2025-04-13,83733.1,ok
2025-04-14,84590.4,ok
2025-04-15,83629.8,ok
2025-04-16,84028.7,ok
2025-04-17,84962,ok
2025-04-18,84466.5,ok
2025-04-19,85075,ok
2025-04-20,85177.3,ok
2025-04-21,87522.1,ok
2025-04-22,93489.1,ok
2025-04-23,93740.9,ok
2025-04-24,94022,ok
2025-04-25,94708.8,ok
2025-04-26,94666.6,ok
2025-04-27,93780.6,ok
2025-04-28,95042.6,ok
2025-04-29,94271.1,ok
2025-04-30,94182.5,ok
2025-05-01,96525,ok
2025-05-02,96929.8,ok
2025-05-03,95861.3,ok
2025-05-04,94272.6,ok
2025-05-05,94734,ok
2025-05-06,96839.2,ok
2025-05-07,97058.3,ok
2025-05-08,103253,ok
2025-05-09,102987,ok
2025-05-10,104821,ok
2025-05-11,104138,ok
2025-05-12,102800,ok
2025-05-13,104131,ok
2025-05-14,103545,ok
2025-05-15,103786,ok
2025-05-16,103500,ok
2025-05-17,103161,ok
2025-05-18,106473,ok
2025-05-19,105616,ok
2025-05-20,106883,ok
2025-05-21,109700,ok
2025-05-22,111723,ok
2025-05-23,107330,ok
2025-05-24,107794,ok
2025-05-25,109049,ok
2025-05-26,109464,ok
2025-05-27,108978,ok
2025-05-28,107819,ok
2025-05-29,105573,ok
2025-05-30,104033,ok
2025-05-31,104646,ok
2025-06-01,105698,ok
2025-06-02,105905,ok
2025-06-03,105448,ok
2025-06-04,104753,ok
2025-06-05,101570,ok
2025-06-06,104398,ok
2025-06-07,105619,ok
2025-06-08,105784,ok
2025-06-09,110301,ok
2025-06-10,110300,ok
2025-06-11,108669,ok
2025-06-12,105721,ok
2025-06-13,106119,ok
2025-06-14,105465,ok
2025-06-15,105599,ok
2025-06-16,106853,ok
2025-06-17,104590,ok
2025-06-18,104916,ok
2025-06-19,104672,ok
2025-06-20,103318,ok
2025-06-21,102160,ok
2025-06-22,100997,ok
2025-06-23,105419,ok
2025-06-24,106141,ok
2025-06-25,107400,ok
2025-06-26,107030,ok
2025-06-27,107113,ok
2025-06-28,107352,ok
2025-06-29,108386,ok
2025-06-30,107173,ok
2025-07-01,105712,ok
2025-07-02,108888,ok
2025-07-03,109629,ok
2025-07-04,108029,ok
2025-07-05,108247,ok
2025-07-06,109218,ok
2025-07-07,108270,ok
2025-07-08,108958,ok
2025-07-09,111283,ok
2025-07-10,116031,ok
2025-07-11,117582,ok
2025-07-12,117473,ok
2025-07-13,119131,ok
2025-07-14,119864,ok
2025-07-15,117782,ok
2025-07-16,118682,ok
2025-07-17,119274,ok
2025-07-18,118023,ok
2025-07-19,117914,ok
2025-07-20,117313,ok
2025-07-21,117429,ok
2025-07-22,120026,ok
2025-07-23,118810,ok
2025-07-24,118397,ok
2025-07-25,117633,ok
2025-07-26,117970,ok
2025-07-27,119466,ok
2025-07-28,118071,ok
2025-07-29,117933,ok
2025-07-30,117830,ok
2025-07-31,115761,ok
2025-08-01,113249,ok
2025-08-02,112543,ok
2025-08-03,114216,ok
2025-08-04,115052,ok
2025-08-05,114113,ok
2025-08-06,115029,ok
2025-08-07,117515,ok
2025-08-08,116684,ok
2025-08-09,116493,ok
2025-08-10,119309,ok
2025-08-11,118702,ok
2025-08-12,120113,ok
2025-08-13,123366,ok
2025-08-14,118390,ok
2025-08-15,117437,ok
2025-08-16,117456,ok
2025-08-17,117489,ok
2025-08-18,116287,ok
2025-08-19,112856,ok
2025-08-20,114276,ok
2025-08-21,112480,ok
2025-08-22,116909,ok
2025-08-23,115384,ok
2025-08-24,113478,ok
2025-08-25,110128,ok
2025-08-26,111788,ok
2025-08-27,111253,ok
2025-08-28,112575,ok
2025-08-29,108378,ok
2025-08-30,108828,ok
2025-08-31,108248,ok
2025-09-01,109241,ok
2025-09-02,111248,ok
2025-09-03,111756,ok
2025-09-04,110721,ok
2025-09-05,110670,ok
2025-09-06,110213,ok
2025-09-07,111130,ok
2025-09-08,112073,ok
2025-09-09,111549,ok
2025-09-10,113984,ok
2025-09-11,115540,ok
2025-09-12,116106,ok
2025-09-13,115968,ok
2025-09-14,115314,ok
2025-09-15,115381,ok
2025-09-16,116833,ok
2025-09-17,116484,ok
2025-09-18,117118,ok
2025-09-19,115691,ok
2025-09-20,115752,ok
2025-09-21,115282,ok
2025-09-22,112737,ok
2025-09-23,112017,ok
2025-09-24,113348,ok
2025-09-25,109036,ok
2025-09-26,109697,ok
2025-09-27,109681,ok
2025-09-28,112198,ok
2025-09-29,114365,ok
2025-09-30,114068,ok
2025-10-01,118660,ok
2025-10-02,120621,ok
2025-10-03,122318,ok
2025-10-04,122459,ok
2025-10-05,123521,ok
2025-10-06,124720,ok
2025-10-07,121394,ok
2025-10-08,123343,ok
2025-10-09,121715,ok
2025-10-10,112980,ok
2025-10-11,110769,ok
2025-10-12,115068,ok
2025-10-13,115274,ok
2025-10-14,113068,ok
2025-10-15,110804,ok
2025-10-16,108198,ok
2025-10-17,106463,ok
2025-10-18,107209,ok
2025-10-19,108677,ok
2025-10-20,110568,ok
2025-10-21,108362,ok
2025-10-22,107586,ok
2025-10-23,110116,ok
2025-10-24,111042,ok
2025-10-25,111666,ok
2025-10-26,114548,ok
2025-10-27,114087,ok
2025-10-28,112907,ok
2025-10-29,110032,ok
2025-10-30,108308,ok
2025-10-31,109555,ok
2025-11-01,110052,ok
2025-11-02,110536,ok
2025-11-03,106558,ok
2025-11-04,101468,ok
2025-11-05,103869,ok
2025-11-06,101290,ok
2025-11-07,103284,ok
2025-11-08,102286,ok
2025-11-09,104695,ok
2025-11-10,105979,ok
2025-11-11,103009,ok
2025-11-12,101639,ok
2025-11-13,99614.5,ok
2025-11-14,94504,ok
2025-11-15,95544.9,ok
2025-11-16,94184,ok
2025-11-17,92100.6,ok
2025-11-18,92914.5,ok
2025-11-19,91461.6,ok
2025-11-20,86536.9,ok
2025-11-21,85068.9,ok
2025-11-22,84684,ok
2025-11-23,86808.3,ok
2025-11-24,88266.2,ok
2025-11-25,87325,ok
2025-11-26,90468.8,ok
2025-11-27,91316.7,ok
2025-11-28,90902.7,ok
2025-11-29,90828.1,ok
2025-11-30,90369.5,ok
2025-12-01,86282.4,ok
2025-12-02,91308.1,ok
2025-12-03,93453.8,ok
2025-12-04,92093.5,ok
2025-12-05,89345.3,ok
2025-12-06,89268,ok
2025-12-07,90402.3,ok
2025-12-08,90653.9,ok
2025-12-09,92690,ok
2025-12-10,92036,ok
2025-12-11,92542,ok
2025-12-12,90278,ok
2025-12-13,90255.3,ok
2025-12-14,88171.6,ok
2025-12-15,86417.5,ok
2025-12-16,87854,ok
2025-12-17,86209.8,ok
2025-12-18,85460,ok
2025-12-19,88092.6,ok
2025-12-20,88324,ok
2025-12-21,88639.9,ok
2025-12-22,88556.8,ok
2025-12-23,87429.3,ok
2025-12-24,87609,ok
2025-12-25,87171.7,ok
2025-12-26,87296,ok
2025-12-27,87808,ok
2025-12-28,87877.3,ok
2025-12-29,87110.8,ok
2025-12-30,88397.5,ok
2025-12-31,87497.9,ok
2026-01-01,88738.3,ok
2026-01-02,89958,ok
2026-01-03,90598,ok
2026-01-04,91494,ok
2026-01-05,93870.1,ok
2026-01-06,93722,ok
2026-01-07,91279.7,ok
2026-01-08,91026,ok
2026-01-09,90515.4,ok
2026-01-10,90385.5,ok
2026-01-11,90872,ok
2026-01-12,91188.1,ok
2026-01-13,95384.2,ok
2026-01-14,96955.2,ok
2026-01-15,95587.6,ok
2026-01-16,95504,ok
2026-01-17,95110,ok
2026-01-18,93633.5,ok
2026-01-19,92559.7,ok
2026-01-20,88310.6,ok
2026-01-21,89363.7,ok
2026-01-22,89463.5,ok
2026-01-23,89474.9,ok
2026-01-24,89082.2,ok
2026-01-25,86561.9,ok
2026-01-26,88250,ok
2026-01-27,89117,ok
2026-01-28,89162.4,ok
2026-01-29,84513.2,ok
2026-01-30,84111,ok
2026-01-31,78648,ok
2026-02-01,76895.5,ok
2026-02-02,78666.9,ok
2026-02-03,75661.5,ok
2026-02-04,72998,ok
2026-02-05,62791,ok
2026-02-06,70527.7,ok
2026-02-07,69244.7,ok
2026-02-08,70279.3,ok
2026-02-09,70102,ok
2026-02-10,68803.6,ok
2026-02-11,67024.9,ok
2026-02-12,66208,ok
2026-02-13,68812,ok
2026-02-14,69787,ok
2026-02-15,68792,ok
2026-02-16,68858.1,ok
2026-02-17,67466.7,ok
2026-02-18,66419.8,ok
2026-02-19,66972.5,ok
2026-02-20,67984.4,ok
2026-02-21,67955.8,ok
2026-02-22,67618,ok
2026-02-23,64625.8,ok
2026-02-24,64068.3,ok
2026-02-25,67992.7,ok
2026-02-26,67490.5,ok
2026-02-27,65859.9,ok
2026-02-28,66967.9,ok
2026-03-01,65769,ok
2026-03-02,68832,ok
2026-03-03,68336,ok
2026-03-04,72683.3,ok
2026-03-05,70887.6,ok
2026-03-06,68108.2,ok
2026-03-07,67259.6,ok
2026-03-08,65970.6,ok
2026-03-09,68432.2,ok
2026-03-10,69960.8,ok
2026-03-11,70208,ok
2026-03-12,70531.6,ok
2026-03-13,70944.3,ok
2026-03-14,71232,ok
2026-03-15,72830,ok
2026-03-16,74886.5,ok
2026-03-17,73934.1,ok
2026-03-18,71245,ok
2026-03-19,69918.3,ok
2026-03-20,70497,ok
2026-03-21,68912,ok
2026-03-22,67844.9,ok
2026-03-23,70874.2,ok
2026-03-24,70533.5,ok
2026-03-25,71301.5,ok
2026-03-26,68769,ok
2026-03-27,66353.3,ok
2026-03-28,66320.1,ok
2026-03-29,65956.9,ok
2026-03-30,66737.2,ok
2026-03-31,68221.9,ok
2026-04-01,68112.4,ok
2026-04-02,66894.5,ok
2026-04-03,66960,ok
2026-04-04,67291.7,ok
2026-04-05,69005,ok
2026-04-06,68853.6,ok
2026-04-07,71910.2,ok
2026-04-08,71086,ok
2026-04-09,71798,ok
2026-04-10,72997.9,ok
2026-04-11,73086,ok
2026-04-12,70755.4,ok
2026-04-13,74446,ok
2026-04-14,74179,ok
2026-04-15,74836.3,ok
2026-04-16,75163.1,ok
2026-04-17,77098,ok
2026-04-18,75736.8,ok
2026-04-19,73823.1,ok
2026-04-20,75864.9,ok
2026-04-21,76348.6,ok
2026-04-22,78208.5,ok
2026-04-23,78281.3,ok
2026-04-24,77461.8,ok
2026-04-25,77650.7,ok
2026-04-26,78673.8,ok
2026-04-27,77364.4,ok
2026-04-28,76318,ok
2026-04-29,75752.9,ok
2026-04-30,76305.8,ok
2026-05-01,78234.1,ok
2026-05-02,78682.3,ok
2026-05-03,78558.9,ok
2026-05-04,79852.4,ok
2026-05-05,80907.7,ok
2026-05-06,81438.1,ok
2026-05-07,80005.4,ok
2026-05-08,80188.8,ok
2026-05-09,80656,ok
2026-05-10,82200,ok
2026-05-11,81727.1,ok
2026-05-12,80484.7,ok
2026-05-13,79288.3,ok
2026-05-14,81079.4,ok
2026-05-15,79058.5,ok
2026-05-16,78105.4,ok
2026-05-17,77407.6,ok
2026-05-18,76944,ok
2026-05-19,76767.5,ok
2026-05-20,77476,ok
2026-05-21,77547.6,ok
2026-05-22,75443.9,ok
2026-05-23,76650,ok
2026-05-24,76976,ok
2026-05-25,77249.1,ok
2026-05-26,75826.1,ok
2026-05-27,74316,ok
2026-05-28,73512.6,ok
2026-05-29,73366.8,ok
2026-05-30,73770.7,ok
2026-05-31,73575.2,ok
2026-06-01,71314.4,ok
2026-06-02,66658.4,ok
2026-06-03,64040,ok
2026-06-04,63806,ok
2026-06-05,61032,ok
2026-06-06,60850.5,ok
2026-06-07,63302.7,ok
2026-06-08,63063,ok
2026-06-09,61685.8,ok
2026-06-10,61449.5,ok
2026-06-11,63563.4,ok
2026-06-12,63538.4,ok
2026-06-13,64430,ok
2026-06-14,65706.6,ok
2026-06-15,66276.8,ok
2026-06-16,65616.6,ok
2026-06-17,64446,ok
2026-06-18,62879,ok
2026-06-19,63475.2,ok
2026-06-20,64223,ok
2026-06-21,63235.6,ok
2026-06-22,63950.6,ok
2026-06-23,62644.9,ok
2026-06-24,60983.1,ok
2026-06-25,59703.7,ok
2026-06-26,60002.5,ok
2026-06-27,59934.8,ok
2026-06-28,59474,ok
2026-06-29,60162.7,ok
2026-06-30,58523.9,ok
2026-07-01,59961.4,ok
2026-07-02,61484,ok
2026-07-03,62520.2,ok
2026-07-04,63086.4,ok
2026-07-05,63580.4,ok
2026-07-06,64001.8,ok
2026-07-07,63323.3,ok
2026-07-08,62237.7,ok
2026-07-09,63175.2,ok
2026-07-10,64128.5,ok
2026-07-11,63773,ok
2026-07-12,63740.3,ok
2026-07-13,62264.9,ok
2026-07-14,64988.6,ok
2026-07-15,64716.6,ok
2026-07-16,63770.6,ok
2026-07-17,63894,ok
2026-07-18,64796.4,ok
2026-07-19,64681.8,ok
2026-07-20,65213.1,ok
2026-07-21,66516.2,ok
2026-07-22,66086.6,ok
2026-07-23,65051.2,ok
2026-07-24,64083.3,ok
2026-07-25,64295.6,ok
2026-07-26,65341.1,ok
2026-07-27,63694.4,ok
2026-07-28,63847.1,ok
2026-07-29,63896.1,ok
2026-07-30,64721.9,ok
2026-07-31,62825.9,ok
2026-08-01,62764.2,ok
2026-08-02,63499.5,ok
2026-08-03,63466.5,ok
2026-08-04,64050.5,ok
2026-08-05,64603,ok
2026-08-06,64267.3,ok
2026-08-07,64891.6,ok
2026-08-08,64908.7,ok
2026-08-09,64848.7,ok
2026-08-10,63911.9,ok
2026-08-11,63531.8,ok
2026-08-12,63411.7,ok
2026-08-13,63511.1,ok
